,asin,group,format,book title,author,publisher,release_date,status,tagline,vote_average,year,movie title,genre1,genre2,genre3,genre4,id
0,1405246413,book,hardcover,Go, Diego, Go! Annual 2010,1999-04-09,Released,A weekend wasted is never a wasted weekend.,7.0,1999.0,Go,Crime,Comedy,Thriller,,"80,35,53,"
1,1498756301,book,hardcover,Faster, Better, Cheaper in the History of Manufacturing: From the Stone Age to Lean Manufacturing and Beyond,2010-11-23,Released,Slow Justice is no Justice,6.1,2003.0,Faster,Crime,Drama,Action,Thriller,"80,18,28,53,"
2,1477117350,book,paperback,Girl," You Ain't Gonna Make It""",: So They Said,1998-11-05,Released,A straight-A teen explores Seattle's rock scene.,4.7,1999.0,Girl,Comedy,Drama,Romance,Music,"35,18,10749,10402,"
3,316199990,book,hardcover,Are We There Yet?,Dan Santat,"Little, Brown Books for Young Readers",2005-01-20,Released,24 hours. 350 miles. His girlfriend's kids. What could possibly go wrong?,5.2,2005.0,Are We There Yet?,Adventure,Comedy,Family,Romance,"12,35,10751,10749,"
4,816680566,book,hardcover,Frozen,Mary Casanova,Univ Of Minnesota Press,2010-02-05,Released,No one knows you're up there,5.9,1997.0,Frozen,Thriller,,,,"53,"
5,62194976,book,hardcover,Forbidden,Kimberley Griffiths Little,HarperCollins,1932-01-09,Released,Her Greatest Dramatic Role !,6.1,2000.0,Forbidden,Drama,,,,"18,"
6,144240907X,book,hardcover,Fever,Lauren DeStefano,Simon & Schuster Children's Publishing,1999-05-16,Released,Who Can You Trust... When You No Longer Trust Yourself...,6.0,1999.0,Fever,Drama,Thriller,,,"18,53,"
7,374378487,book,hardcover,Tuck Everlasting,Natalie Babbitt,"Farrar, Straus and Giroux",2002-10-11,Released,"If you could choose to live forever, would you?",6.4,2002.0,Tuck Everlasting,Drama,Family,Fantasy,Romance,"18,10751,14,10749,878,"
8,1250044669,book,hardcover,Renegades,Marissa Meyer,Feiwel & Friends,1989-06-02,Released,,5.2,1989.0,Renegades,Action,Crime,Thriller,,"28,80,53,"
9,1484722264,book,hardcover,Zero Day,Jan Gangsei,Disney-Hyperion,2003-09-03,Released,,7.1,2003.0,Zero Day,Drama,,,,"18,"
10,765302519,book,hardcover,Flashback,Gary Braver,Forge Books,1990-02-02,Released,A '60s radical. An uptight fed. It's gonna be a real trip!,6.6,1990.0,Flashback,Action,Comedy,Crime,,"28,35,80,"
11,1576878392,book,hardcover,Ali,"Steve Schapiro, Jack Olsen",powerHouse Books,2001-12-11,Released,Float like a butterfly and sting like a bee.,6.7,2001.0,Ali,Drama,,,,"18,"
12,9888341286,book,hardcover,Romeo & Juliet,"William Shakespeare, Lisbeth Zwerger, Anthea Bell",minedition,2013-09-12,Released,The most dangerous love story ever told.,6.6,1968.0,Romeo & Juliet,Drama,Romance,,,"18,10749,"
13,1681195364,book,hardcover,Breakout,Kate Messner,Bloomsbury Children's Books,1975-05-21,Released,Sentenced to 28 years in prison for a crime he never committed. Only two things can get him out - A lot of money and Charles Bronson!,6.4,1975.0,Breakout,Action,Adventure,Thriller,,"28,12,53,"
14,1509812709,book,hardcover,The Collector,Fiona Cummins,Macmillan (an Imprint of Pan Macmillan),1965-06-17,Released,,6.9,1965.0,The Collector,Mystery,Drama,Thriller,,"9648,18,53,"
15,778330737,book,hardcover,The Crossing,Jason Mott,Park Row,2000-01-10,Released,,6.5,2000.0,The Crossing,Drama,History,War,,"18,36,10752,"
16,61124958,book,hardcover,Charlotte's Web,"E. B White, Garth Williams",HarperCollins,1973-03-01,Released,That humble radiant terrific book is now a humble radiant terrific movie.,6.2,1973.0,Charlotte's Web,Animation,Drama,Family,,"16,18,10751,"
17,375500200,book,hardcover,Women,"Susan Sontag, Annie Leibovitz",Random House,1965-06-06,Released,,5.0,1997.0,Women,Drama,Romance,,,"18,10749,"
18,3651000001,book,hardcover,Switch,William Bayer,NY: Linden/ Simon & Schuster,1991-05-10,Released,Steve and Walter used to have a preference for blondes. Then Steve was murdered... and came back as one. Will being a woman make him a better man?,5.6,1991.0,Switch,Fantasy,Comedy,,,"14,35,"
19,B000YXTA18,book,hardcover,Monster,Frank Peretii,Westbow Press,2003-11-16,Released,The first female serial killer of America,7.0,2003.0,Monster,Crime,Drama,,,"80,18,"
20,1328879941,book,hardcover,The Handmaid's Tale,Margaret Atwood,Houghton Mifflin Harcourt,1990-03-09,Released,A haunting tale of sexuality in a country gone wrong.,5.8,1990.0,The Handmaid's Tale,Drama,Science Fiction,,,"18,878,"
21,1473676355,book,hardcover,The Outsider,Stephen King,Scribner,2014-03-11,Released,Outgunned. Outnumbered. Out for blood.,4.6,2002.0,The Outsider,Action,Crime,Drama,Mystery,"28,80,18,9648,53,"
22,386647475X,book,hardcover,Anna Karenina,Leo Tolstoi,Anaconda Verlag,1997-04-04,Released,"In a world of power and privilege, one woman dared to obey her heart.",6.4,1977.0,Anna Karenina,Drama,Romance,,,"18,10749,"
23,1328869334,book,hardcover,1984,George Orwell,Houghton Mifflin Harcourt,1956-03-06,Released,Big Brother is Watching.,7.0,1984.0,1984,Drama,Science Fiction,,,"18,878,"
24,393068617,book,hardcover,Jazz,"Gary Giddins, Scott DeVeaux",W. W. Norton & Company,2001-01-09,Released,,5.7,2000.0,Jazz,Documentary,,,,"99,"
25,670819549,book,hardcover,Little Odessa,Joseph Koenig,Viking Adult,1994-10-27,Released,Brothers in blood. Partners in crime.,6.4,1994.0,Little Odessa,Action,Drama,,,"28,18,"
26,9350296209,book,hardcover,Dark Star,Gautam Chintamani,HarperCollins,1974-04-01,Released,What Do You Say To A Talking Bomb? All Systems Snafu!!!,6.0,1974.0,Dark Star,Comedy,Science Fiction,,,"35,878,"
27,385424736,book,hardcover,The Rainmaker,John Grisham,Doubleday,1997-11-18,Released,They were totally unqualified to try the case of a lifetime... but every underdog has his day.,6.7,1956.0,The Rainmaker,Drama,Crime,Thriller,,"18,80,53,"
28,385416342,book,hardcover,The Firm,John Grisham,Doubleday,1993-06-30,Released,Power can be murder to resist.,6.6,1993.0,The Firm,Drama,Mystery,Thriller,,"18,9648,53,"
29,1445477963,book,hardcover,The Gingerbread Man,Parragon Books,Parragon Books,1998-01-23,Released,,5.7,1998.0,The Gingerbread Man,Thriller,,,,"53,"
30,765309769,book,hardcover,Tunnel Vision,Gary Braver,Forge Books,1976-03-12,Released,Laugh or get off the pot.,0.0,1976.0,Tunnel Vision,Comedy,,,,"35,"
31,735843120,book,hardcover,The Field,"Baptiste Paul, Jacqueline AlcÃ¡ntara",NorthSouth Books,1990-12-21,Released,An unforgettable story of power and passion,7.0,1990.0,The Field,Drama,,,,"18,"
32,3869301376,book,hardcover,The Photographer,Ernest Cole,Steidl,2014-09-17,Released,Only she knows who's the murderer,6.8,2000.0,The Photographer,Thriller,,,,"53,"
33,1492647969,book,hardcover,The List,Patricia Forde,Sourcebooks Jabberwocky,2013-07-05,Released,,5.5,2000.0,The List,Thriller,,,,"53,"
34,1908211024,book,hardcover,Nightwatch,Noel Kerns,Carpet Bombing Culture,1997-01-31,Released,,6.2,1998.0,Nightwatch,Action,Drama,Horror,Mystery,"28,18,27,9648,53,"
35,547318359,book,hardcover,Nemesis,Philip Roth,Houghton Mifflin Harcourt,1992-12-26,Released,In the future... it pays to be more than human.,5.3,1993.0,Nemesis,Science Fiction,Thriller,,,"878,53,"
36,1408845660,book,hardcover,Harry Potter and the Prisoner of Azkaban,ROWLING J.K.,Bloomsbury,2004-05-31,Released,Something wicked this way comes.,7.7,2004.0,Harry Potter and the Prisoner of Azkaban,Adventure,Fantasy,Family,,"12,14,10751,"
37,762408316,book,hardcover,A Christmas Carol,"Charles Dickens, Christian Birmingham",Running Press,1938-12-16,Released,"Greater than ""David Copperfield"" !",7.0,1951.0,A Christmas Carol,Fantasy,Drama,Family,,"14,18,10751,"
38,1626720711,book,hardcover,Max,Sarah Cohen-Scali,Roaring Brook Press,2002-09-10,Released,Art + Politics = Power,6.2,2002.0,Max,War,Drama,,,"10752,18,"
39,671880160,book,hardcover,Private Parts,Howard Stern,Simon & Schuster,1997-03-07,Released,Never before has a man done so much with so little.,6.7,1997.0,Private Parts,Comedy,Drama,,,"35,18,"
40,553521497,book,hardcover,Little Monsters,Kara Thomas,Delacorte Press,1989-08-25,Released,Some friends can be REAL MONSTERS. And some monsters can be REAL FRIENDS.,5.6,1989.0,Little Monsters,Adventure,Fantasy,Comedy,Family,"12,14,35,10751,"
41,718183894,book,hardcover,Tomorrow,Damian Dibben,Michael Joseph Ltd,2015-12-02,Released,"All around the world, solutions exist",7.9,1972.0,Tomorrow,Documentary,,,,"99,"
42,B008PYD1CW,book,hardcover,It,Stephen King,Viking,1927-02-15,Released,A salesgirl with plenty of 'it' pursues a handsome playboy.,6.5,1927.0,It,Drama,Comedy,Romance,,"18,35,10749,"
43,375414576,book,hardcover,My Life,Bill Clinton,Knopf,1993-11-12,Released,Every moment counts.,6.2,1993.0,My Life,Drama,Romance,,,"18,10749,"
44,3832732535,book,hardcover,New York,Serge Ramelli,teNeues,2009-06-26,Released,Three friends ready to face the world... and then the world changed.,6.3,1999.0,New York,Romance,Crime,Drama,,"10749,80,18,"
45,765309750,book,hardcover,Skin Deep,Gary Braver,Forge Books,1989-03-03,Released,The comedy that glows in the dark.,5.8,2003.0,Skin Deep,Romance,Comedy,Drama,,"10749,35,18,"
46,1250071348,book,hardcover,Pressure,Brian Keene,Thomas Dunne Books,2015-06-04,Released,Hold your breath,5.3,2002.0,Pressure,Drama,Thriller,,,"18,53,"
47,316225983,book,hardcover,The Late Show,Michael Connelly,"Little, Brown and Company",1977-02-10,Released,The nicest movie you'll ever see about murder and blackmail.,5.9,1977.0,The Late Show,Mystery,Crime,Comedy,,"9648,80,35,"
48,1911215477,book,hardcover,If I Die Before I Wake,Emily Koch,Harvill Secker,2001-04-24,Released,Don't ever forget to lock your doors!,7.5,2000.0,If I Die Before I Wake,Crime,Thriller,,,"80,53,"
49,3791504851,book,hardcover,Reckless,Cornelia Funke,Dressler Cecilie,1995-11-17,Released,The most twisted Christmas ever.,10.0,1997.0,Reckless,Fantasy,Comedy,Drama,,"14,35,18,"
50,076369603X,book,hardcover,Triangle,"Mac Barnett, Jon Klassen",Candlewick,2009-10-16,Released,A Passage to Hell,6.9,2001.0,Triangle,Horror,,,,"27,"
51,3866476965,book,hardcover,Robinson Crusoe,Defoe D,J.M. Dent & Sons,1954-08-05,Released,Every thrill-swept page blazes to life on the screen!,6.4,1996.0,Robinson Crusoe,Action,Adventure,Drama,,"28,12,18,"
52,771022905,book,hardcover,Brother,David Chariandy,McClelland & Stewart,2000-09-09,Released,Are You Japanese?,6.8,1975.0,Brother,Crime,Drama,Thriller,,"80,18,53,"
53,1524737860,book,hardcover,Honey,David Ezra Stein,Nancy Paulsen Books,2003-11-24,Released,Her dream. Her terms,6.0,2003.0,Honey,Romance,Music,Family,,"10749,10402,10751,"
54,033051864X,book,hardcover,The Vanishing,Gerard Woodward,,1988-10-27,Released,Who Has Seen This Woman?,7.4,1993.0,The Vanishing,Horror,Thriller,,,"27,53,"
55,031603438X,book,hardcover,Life,"Keith Richards, James Fox","Little, Brown and Company",1999-04-16,Released,Share it with someone you love.,6.4,1999.0,Life,Comedy,Crime,,,"35,80,"
56,345452631,book,hardcover,Obsession,Jonathan Kellerman,Ballantine Books,1976-08-01,Released,,6.5,1976.0,Obsession,Drama,Thriller,Mystery,,"18,53,9648,"
57,1943818436,book,hardcover,City of Angels,Kristi Belcamino,Polis Books,1998-04-10,Released,She didn't believe in angels until she fell in love with one.,6.5,1998.0,City of Angels,Drama,Fantasy,Romance,,"18,14,10749,"
58,802122124,book,hardcover,Caught,Lisa Moore,Grove Press,1996-01-24,Released,,6.5,1996.0,Caught,Action,Drama,Thriller,,"28,18,53,"
59,385351399,book,hardcover,The Circle,Dave Eggers,Knopf,2000-09-08,Released,,6.6,2000.0,The Circle,Drama,Foreign,,,"18,10769,"
60,393089053,book,hardcover,The Odyssey,"Homer, Emily Wilson",W. W. Norton & Company,1997-05-18,Released,,6.3,1997.0,The Odyssey,Adventure,Fantasy,,,"12,14,"
61,803739664,book,hardcover,Charisma,Jeanne Ryan,Dial,1999-11-10,Released,,5.8,1999.0,Charisma,Drama,Thriller,,,"18,53,"
62,1503947211,book,hardcover,Smoke,Catherine McKenzie,Lake Union Publishing,1995-06-09,Released,Where there's smoke... there's laughter!,7.2,1995.0,Smoke,Comedy,Drama,,,"35,18,"
63,1935547275,book,hardcover,Grand Theft Auto,"Alan Spitzer, Alison Spitzer",New Year Publishing,1977-06-16,Released,See the greatest cars in the world destroyed!,6.1,1977.0,Grand Theft Auto,Action,Comedy,Crime,,"28,35,80,"
64,1472243722,book,hardcover,Dummy,Matt Coyne,Wildfire,2002-09-12,Released,,6.1,2003.0,Dummy,Comedy,Drama,Romance,,"35,18,10749,"
65,1423139933,book,hardcover,Poison,Bridget Zinn,Hyperion Book CH,1991-04-05,Released,,6.4,1991.0,Poison,Drama,Horror,Science Fiction,,"18,27,878,"
66,399134409,book,hardcover,Clear and Present Danger,Tom Clancy,G. P. Putnam's Sons,1994-08-03,Released,The war of drugs would lead him to the war of power.,6.4,1994.0,Clear and Present Danger,Action,Drama,Thriller,,"28,18,53,"
67,399136150,book,hardcover,The Sum of All Fears,Tom Clancy,G. P. Putnam,2002-05-31,Released,"27,000 nuclear weapons. One is missing.",5.9,2002.0,The Sum of All Fears,Thriller,Action,Drama,,"53,28,18,"
68,1501115979,book,hardcover,Stay Hungry,Sebastian Maniscalco,Gallery Books,1976-04-23,Released,If you've got an appetite for life:,5.8,1976.0,Stay Hungry,Comedy,Drama,,,"35,18,"
69,62117262,book,hardcover,Taken,Erin Bowman,HarperTeen,2008-02-18,Released,They took his daughter.  He'll take their lives.,7.2,2002.0,Taken,Action,Thriller,,,"28,53,"
70,439064864,book,hardcover,Harry Potter and the Chamber of Secrets,"J.K. Rowling, Mary GrandPrÃ©",Scholastic,2002-11-13,Released,Hogwarts is back in session.,7.4,2002.0,Harry Potter and the Chamber of Secrets,Adventure,Fantasy,Family,,"12,14,10751,"
71,62414216,book,hardcover,The Nest,Cynthia D'Aprix Sweeney,Ecco,2002-01-01,Released,,6.1,2002.0,The Nest,Crime,Action,,,"80,28,"
72,B003U89S66,kindle,kindle edition,Fair Game,"Lanyon, Josh",Carina Press,1995-11-03,Released,He's a cop on the edge. She's a woman with a dangerous secret. And now they're both...,4.1,1995.0,Fair Game,Action,Thriller,Romance,,"28,53,10749,"
73,B07BC5BR4D,kindle,kindle edition,Best Seller,Susan May,,1987-09-25,Released,Writing A Book Is Easy. Writing A Best Seller Is Murder.,6.3,1987.0,Best Seller,Action,Crime,Drama,Thriller,"28,80,18,53,"
74,B079QP6HC8,kindle,kindle edition,Crossfire,"Jackie Keswick, Emma Griffin",,1947-07-22,Released,Hate is like a loaded gun!,6.1,1947.0,Crossfire,Crime,Drama,Mystery,Thriller,"80,18,9648,53,"
75,B003Y74NE0,kindle,kindle edition,The Gauntlet,Michael A. Hobren,Writers Exchange E-Publishing,1977-12-21,Released,Clint Eastwood is the man in the middle of The Gauntlet,6.6,1977.0,The Gauntlet,Drama,Action,Crime,Thriller,"18,28,80,53,"
76,B07C5M1VLK,kindle,kindle edition,Dirty Deeds,"Lauren Landish, Valorie Clifton, Staci Etheridge",,2002-07-18,Released,,6.3,2002.0,Dirty Deeds,Crime,Comedy,Drama,Thriller,"80,35,18,53,"
77,B01GUUVTNK,kindle,kindle edition,Witness,Caroline Mitchell,Thomas & Mercer,1985-02-08,Released,A big city cop. A small country boy. They have nothing in common... but a murder.,7.0,1985.0,Witness,Crime,Drama,Romance,Thriller,"80,18,10749,53,"
78,B076HL9WBY,kindle,kindle edition,Turbulence,E. J. Noyes,Bella Books,1997-01-09,Released,"If you weren't afraid of flying before, you will be now.",5.2,1997.0,Turbulence,Action,Thriller,Crime,,"28,53,80,"
79,B011HI0WII,kindle,kindle edition,Sacrifice,Adriana Locke,Umbrella Publishing Inc.,2010-12-17,Released,,6.2,2000.0,Sacrifice,Drama,Action,History,Thriller,"18,28,36,53,"
80,B078J5GVJ7,kindle,kindle edition,Wedding Bell Blues,"Susanne Matthews, Melinda De Ross",MHSLM Publishing,1996-10-18,Released,,5.5,1997.0,Wedding Bell Blues,Comedy,Romance,,,"35,10749,"
81,B008QYT7DI,kindle,kindle edition,The Little Prince,"Antoine de Saint-Exupery, Richard Howard",Mariner Books,1974-11-06,Released,"The entertainment that loves a lot, and lives a lot, and gives and gives and gives a lot.",6.0,1974.0,The Little Prince,Science Fiction,Fantasy,Family,Music,"878,14,10751,10402,"
82,B005F0FXKM,kindle,kindle edition,In Dreams,"J. Sterling, Pam Berehulke",Jenn Sterling,1999-01-15,Released,You don't have to sleep to dream,5.4,1999.0,In Dreams,Drama,Thriller,,,"18,53,"
83,B01501NZ14,kindle,kindle edition,The Tailor of Panama,John Le CarrÃ,Ballantine Books,2001-02-11,Released,"In a place this treacherous, what a good spy needs is a spy of his own.",6.2,2001.0,The Tailor of Panama,Drama,Thriller,,,"18,53,"
84,B076C546K9,kindle,kindle edition,Never Again,"Misty Malone, Blushing Books",Blushing Books Publications,2002-07-12,Released,A mature love story for immature people.,4.0,2002.0,Never Again,Comedy,Romance,,,"35,10749,"
85,B012B7O866,kindle,kindle edition,School Ties,Emma Lee Potter,Endeavour Press,1992-09-18,Released,Just because youâre accepted doesnât mean you belong.,6.3,1992.0,School Ties,Drama,,,,"18,"
86,B07C7N5CBS,kindle,kindle edition,Birthday Girl,Penelope Douglas,Penelope Douglas LLC,2001-09-06,Released,,6.1,2000.0,Birthday Girl,Comedy,Crime,Thriller,,"35,80,53,"
87,B072111SJJ,kindle,kindle edition,Shadows,Conrad Jones,Bloodhound Books,1959-11-11,Released,,7.2,1959.0,Shadows,Drama,,,,"18,"
88,B0163GHMFA,kindle,kindle edition,Deep Water,Betsey Odell,Sapphire Books Publishing,2006-12-15,Released,,6.7,2000.0,Deep Water,Documentary,Adventure,Drama,Action,"99,12,18,28,"
89,B076JXXXBF,kindle,kindle edition,Hot Pursuit,Jillian Chantal,Fowl Enterprises,1987-05-08,Released,She promised him ten days together in paradise. He never dreamed how far he'd have to go.,6.1,1987.0,Hot Pursuit,Comedy,,,,"35,"
90,B00IB5BSBG,kindle,kindle edition,The Good Girl,Mary Kubica,Harlequin MIRA,2002-01-12,Released,It's her last best chance... is she going to take it?,6.1,2002.0,The Good Girl,Drama,Comedy,Romance,,"18,35,10749,"
91,B00IYSXGZ6,kindle,kindle edition,Picking Up the Pieces,Elizabeth Hayley,,2000-05-26,Released,,4.1,2000.0,Picking Up the Pieces,Comedy,Thriller,Mystery,,"35,53,9648,"
92,B001ULD3U2,kindle,kindle edition,Lawman,Lisa Plumley,,1971-01-01,Released,,6.5,1971.0,Lawman,Action,Western,,,"28,37,"
93,B01IUCEZYG,kindle,kindle edition,Fire and Ice,PS Cassidy,Blushing Books,1983-03-25,Released,The end of mankind as we know it.,6.2,1983.0,Fire and Ice,Animation,Fantasy,Science Fiction,,"16,14,878,"
94,B00I7WV51Q,kindle,kindle edition,Spun,Catherine McKenzie,HarperCollins Canada,2002-06-01,Released,The ultimate speed freak's tale.,6.6,2003.0,Spun,Comedy,Crime,Drama,,"35,80,18,"
95,B07CKX4BX2,kindle,kindle edition,Crush,Tiffany Allee,,2001-08-19,Released,,5.4,2002.0,Crush,Romance,Comedy,Drama,,"10749,35,18,"
96,B06XRX69JY,kindle,kindle edition,The Trench,Paul Mannering,Severed Press,1999-09-17,Released,,5.6,1999.0,The Trench,War,Action,Drama,,"10752,28,18,"
97,B078N6V2KQ,kindle,kindle edition,Spiral,Mary Jane Bryan,Black Opal Books,2000-02-11,Released,,6.0,2004.0,Spiral,Mystery,Fantasy,Horror,,"9648,14,27,"
98,B07C9R9RWK,kindle,kindle edition,Guardian,Q. Zayne,Hughes Empire,2001-06-12,Released,Fear for your life... Fight for your soul.,7.0,2001.0,Guardian,Drama,Horror,Action,Science Fiction,"18,27,28,878,"
99,B00DNGSBQI,kindle,kindle edition,Crash,Guy Haley,Solaris,1996-07-17,Released,Love in the dying moments of the twentieth century,6.5,1996.0,Crash,Drama,Thriller,Romance,,"18,53,10749,"
100,B0725QYGHQ,kindle,kindle edition,After the Sunset,Lilah Suzanne,Interlude Press,2004-11-12,Released,Who will walk away?,6.0,2004.0,After the Sunset,Action,Comedy,Crime,Drama,"28,35,80,18,"
101,B01I2BS6TK,kindle,kindle edition,Mean Girls,Lucy Felthouse,,2004-04-30,Released,Welcome to girl world.,6.9,2004.0,Mean Girls,Comedy,,,,"35,"
102,B077GDTZB6,kindle,kindle edition,Fake,Haley Ladawn,,2010-06-09,Released,,5.0,2000.0,Fake,Thriller,Crime,Mystery,,"53,80,9648,"
103,B002A9JWWQ,kindle,kindle edition,True Colors,Clare London,Dreamspinner Press,1991-03-15,Released,,6.5,1991.0,True Colors,Drama,,,,"18,"
104,B00IPQWXCO,kindle,kindle edition,Remember Me,Laura Browning,Lyrical Press,2010-03-12,Released,Live in the moments.,6.9,2003.0,Remember Me,Drama,Romance,,,"18,10749,"
105,B073VN1P5H,kindle,kindle edition,The Chase,Holly Hart,Red Cape Romance,1966-02-17,Released,The chase is on!,6.7,1966.0,The Chase,Thriller,Drama,Crime,,"53,18,80,"
106,B005J61EPA,kindle,kindle edition,Resurrection,Arwen Elys Dayton,47North,1980-09-26,Released,It's not supposed to happen. So be there when it does.,6.4,1999.0,Resurrection,Drama,Fantasy,,,"18,14,"
107,B00UCLPC6E,kindle,kindle edition,Abandon,Blake Crouch,Thomas & Mercer,2002-10-14,Released,Watch who you leave behind.,4.6,2002.0,Abandon,Drama,Mystery,Thriller,,"18,9648,53,"
108,B007D0CGSO,kindle,kindle edition,Summer Magic,Sydell Voeller,Books We Love Ltd.,1963-07-07,Released,,6.4,1963.0,Summer Magic,Comedy,Family,,,"35,10751,"
109,B078SHG68B,kindle,kindle edition,Closer,F.E. Feeley Jr.,Beaten Track Publishing,2004-12-01,Released,"If you believe in love at first sight, you never stop looking.",6.7,2004.0,Closer,Drama,Romance,,,"18,10749,"
110,B001VMAWF4,kindle,kindle edition,Chances Are,Lisa Plumley,,1989-03-10,Released,,6.5,1989.0,Chances Are,Fantasy,Comedy,Science Fiction,Romance,"14,35,878,10749,"
111,B005GHM13Q,kindle,kindle edition,Top Dog,Dougie Brimson,Category C Publishing,1995-04-28,Released,One's tough ... One's smart... Together they unleash explosive action!,4.3,1995.0,Top Dog,Action,Adventure,Comedy,Family,"28,12,35,10751,53,"
112,B07CNZNHF1,kindle,kindle edition,The Brotherhood,Jo Fenton,Crooked Cat Books,1968-12-01,Released,Honor. Loyalty. Betrayal.,5.4,1968.0,The Brotherhood,Action,Crime,Drama,Thriller,"28,80,18,53,"
113,B00T8FAWKQ,kindle,kindle edition,Innocent Blood,Louann Carroll,Ellysian Press,1992-09-25,Released,The movie that goes straight for the jugular.,6.2,1992.0,Innocent Blood,Comedy,Horror,Thriller,Crime,"35,27,53,80,"
114,B071YMP2SV,kindle,kindle edition,Slow Burn,Alexis Adaire,,2005-09-12,Released,The truth is just a trick of light.,5.5,1999.0,Slow Burn,Mystery,Crime,Drama,Thriller,"9648,80,18,53,"
115,B07794BY2K,kindle,kindle edition,The Boxer,"Alec Stark, Parker Avrile",,1997-12-31,Released,Love is always worth fighting for.,6.7,1997.0,The Boxer,Drama,Romance,,,"18,10749,"
116,B019RE1TO0,kindle,kindle edition,Return to Me,Anna Small,Anna Small Books,2000-04-07,Released,A comedy straight from the heart,6.1,2000.0,Return to Me,Romance,Comedy,Drama,,"10749,35,18,"
117,B001UQ6G88,kindle,kindle edition,Man of the Year,Lisa Plumley,,1995-09-15,Released,He as a centerfold who revealed everything ... but the truth.,3.8,1995.0,Man of the Year,Comedy,,,,"35,"
118,B0052VU9G2,kindle,kindle edition,The Hurricane,Hugh Howey,Broad Reach,1999-09-17,Released,His greatest fight was for justice.,7.2,1999.0,The Hurricane,Drama,,,,"18,"
119,B003TLMYAQ,kindle,kindle edition,Firelight,Linda Mooney,,1997-09-14,Released,Passion has no limits,7.0,1997.0,Firelight,Romance,Drama,,,"10749,18,"
120,B00AG8FZ4C,kindle,kindle edition,The Reckoning,David Halberstam,Open Road Media,2003-08-06,Released,The truth shall come to light,6.4,2004.0,The Reckoning,Crime,Drama,Mystery,,"80,18,9648,"
121,B0175WV3YC,kindle,kindle edition,The Wedding Date,Jennifer Joyce,Carina,2005-02-04,Released,Love doesn't come cheap.,6.2,2005.0,The Wedding Date,Comedy,Romance,,,"35,10749,"
122,B0743N6415,kindle,kindle edition,It Takes Two,Emily Harvale,Crescent Gate Publishing,1995-11-17,Released,Two identical strangers. Two different worlds. One perfect match.,6.1,1995.0,It Takes Two,Comedy,Family,Romance,,"35,10751,10749,"
123,B004BSGG6E,kindle,kindle edition,Borderline,Bonnie Rozanski,Porcupine's Quill,1950-03-01,Released,Two Undercover Agents Unwittingly Stalk the Same Target.,5.4,2002.0,Borderline,Crime,Drama,Thriller,,"80,18,53,"
124,B0046ZRL52,kindle,kindle edition,Crimes of Passion,Mel Keegan,DreamCraft,1984-10-19,Released,Never have two consenting adults consented to so much.,5.9,1985.0,Crimes of Passion,Romance,Drama,Thriller,Horror,"10749,18,53,27,80,"
125,B077J524TL,kindle,kindle edition,Undefeated,"Stuart Reardon, Jane Harvey-Berrick",Stuart Reardon Publishing,2011-03-13,Released,Character will be revealed.,7.9,2003.0,Undefeated,Documentary,,,,"99,"
126,B07CNLWX4P,kindle,kindle edition,Shiloh,Philip Fracassi,Lovecraft eZine Press,1996-11-30,Released,The story of a boy who risks everything to save his best friend.,5.7,2000.0,Shiloh,Drama,Family,,,"18,10751,"
127,B00MFVES0U,kindle,kindle edition,Possession,Linda Mooney,Music And Press,1981-05-27,Released,Murder. Evil. Infidelity. Madness.,6.9,2002.0,Possession,Drama,Horror,,,"18,27,"
128,B0759WR9BV,kindle,kindle edition,Fearless,Robin Alexander,Intaglio Publications,1993-10-15,Released,Some people are afraid of nothing.,6.8,1993.0,Fearless,Drama,,,,"18,"
129,B078VJ59X9,kindle,kindle edition,Dance with a Stranger,JJ Knight,,1985-03-01,Released,,5.5,1985.0,Dance with a Stranger,Crime,Drama,,,"80,18,"
130,B073XDKYY1,kindle,kindle edition,The Organization,"Annette Mori, Erin O'Reilly",Affinity Rainbow Publications,1971-10-20,Released,The Toughest Cop Has The Guts To Take On,7.2,1971.0,The Organization,Drama,Action,Thriller,Crime,"18,28,53,80,"
131,B002WE46VG,kindle,kindle edition,Fallen,Lauren Kate,Delacorte Press,1998-01-16,Released,Detective John Hobbes is searching for a criminal he's already met... already caught... and already killed,6.6,1998.0,Fallen,Thriller,Fantasy,Crime,Drama,"53,14,80,18,"
132,B007BTX4QU,kindle,kindle edition,Revenge,"Solomon Schneider, Gabrielle Faust",Barking Rain Press,1990-02-16,Released,A passion that cannot be denied. A betrayal that cannot be forgiven.,6.0,2002.0,Revenge,Thriller,Drama,Romance,Crime,"53,18,10749,80,"
133,B00IPQWW02,kindle,kindle edition,Bittersweet,Laura Browning,Lyrical Press,2008-07-23,Released,An evolution in love,5.0,1999.0,Bittersweet,Drama,Romance,,,"18,10749,"
134,B00NZZJ5L2,kindle,kindle edition,Desperate Measures,Fern Michaels,Lyrical Press,1998-01-30,Released,Desperate times call for. . .,5.9,1998.0,Desperate Measures,Action,Drama,Thriller,,"28,18,53,"
135,B00RRCM994,kindle,kindle edition,Eye of the Needle,Charles Obergfoll,,1981-07-24,Released,,6.4,1981.0,Eye of the Needle,Action,Drama,Romance,Thriller,"28,18,10749,53,"
136,B00F462CNS,kindle,kindle edition,Straight to Hell,Michelle Scott,Carina,1986-01-01,Released,"A story of blood, money, guns, coffee, and sexual tension.",4.8,1987.0,Straight to Hell,Action,Western,Comedy,Crime,"28,37,35,80,"
137,B07DFFW2L8,kindle,kindle edition,Envy,Dylan Allen,DA Publishing,2004-04-30,Released,"Success didnât go to his head, it went to his neighbor.",4.8,2004.0,Envy,Comedy,,,,"35,"
138,B06XHMZ2JY,kindle,kindle edition,A Murder of Crows,Ian Skewis,Unbound Digital,1999-07-06,Released,A work of deadly fiction.,6.0,1999.0,A Murder of Crows,Action,Crime,Thriller,,"28,80,53,"
139,B018ER7LCU,kindle,kindle edition,Cujo,Stephen King,Scribner,1983-08-10,Released,Now there's a new name for terror...,5.7,1983.0,Cujo,Horror,Thriller,,,"27,53,"
140,B073XZCLK5,kindle,kindle edition,Ransom,Gilbert M. Stack,,1996-11-08,Released,Someone is going to pay.,6.4,1996.0,Ransom,Action,Thriller,,,"28,53,"
141,B01BPHFFW4,kindle,kindle edition,No Such Thing,Alexis D. Craig,Hot Ink Press,2001-05-12,Released,,5.7,2002.0,No Such Thing,Comedy,Fantasy,Drama,,"35,14,18,"
142,B076HXW1KG,kindle,kindle edition,Maverick,Karina Halle,,1994-05-20,Released,"In their hands, a deck of cards was the only thing more dangerous than a gun.",6.6,1994.0,Maverick,Action,Adventure,Comedy,Drama,"28,12,35,18,37,"
143,B01I2IRBSU,kindle,kindle edition,Best in Show,Kelly Jensen,Dreamspinner Press,2000-09-19,Released,Some pets deserve a little more respect than others.,6.7,2000.0,Best in Show,Comedy,,,,"35,"
144,B000FC1XLS,kindle,kindle edition,Black Beauty,Anna Sewell,Digireads.com,1994-07-29,Released,,6.6,1971.0,Black Beauty,Action,Adventure,Drama,Family,"28,12,18,10751,"
145,B00BV2WC48,kindle,kindle edition,The Favor,Megan Hart,Harlequin MIRA,1994-04-29,Released,Two Women. Three Men. One Secret.,3.3,1994.0,The Favor,Drama,Comedy,Romance,,"18,35,10749,"
146,B00LUSEO8A,kindle,kindle edition,Mr. Jones,Margaret Sweatman,Goose Lane Editions,1993-10-08,Released,Everything That Makes Him Dangerous Makes Her Love Him More,5.9,1993.0,Mr. Jones,Drama,Romance,,,"18,10749,"
147,B00FP0WP58,kindle,kindle edition,Beowulf,"Anonymous, Lesslie Hall",Bybliotech,1999-04-01,Released,,4.4,1999.0,Beowulf,Action,Science Fiction,Thriller,Adventure,"28,878,53,12,27,14,"
148,B074W7S1BM,kindle,kindle edition,Death Wish,Linda Huber,Bloodhound Books,1974-07-24,Released,"Vigilante, city style -- Judge, Jury, and Executioner",7.0,1974.0,Death Wish,Action,Crime,Drama,Thriller,"28,80,18,53,"
149,B071F7N8M4,kindle,kindle edition,No Good Deed,Susanne Matthews,Crimson Romance,2002-06-28,Released,HE was more than a cop. SHE was more than a thief.,5.2,2002.0,No Good Deed,Action,Crime,Drama,Mystery,"28,80,18,9648,53,"
150,B001J1S7TK,kindle,kindle edition,Manhunter,Loreth Anne White,Silhouette Romantic Suspense,1986-08-14,Released,Enter the mind of a serial killerâ¦ you may never come back,6.8,1986.0,Manhunter,Crime,Horror,Thriller,,"80,27,53,"
151,B00UQYY6DC,kindle,kindle edition,Birdy,Jess Vallance,Hot Key Books,1984-12-14,Released,,6.9,1984.0,Birdy,Drama,History,,,"18,36,"
152,B00KRQCDV6,kindle,kindle edition,Me Without You,Kelly Rimmer,Bookouture,2001-11-01,Released,...best friends forever?,7.1,2001.0,Me Without You,Drama,,,,"18,"
153,B01CF474RA,kindle,kindle edition,Stranger Than Fiction,Jeanine Hoffman,Regal Crest Enterprises,2006-09-09,Released,Harold Crick isn't ready to go. Period.,7.1,1999.0,Stranger Than Fiction,Comedy,Drama,Fantasy,Romance,"35,18,14,10749,"
154,B00B6QF30Y,kindle,kindle edition,Time After Time,Sue Haasler,,1979-08-31,Released,H.G. Wells Races Through Time To Catch Jack The Ripper!,6.8,1979.0,Time After Time,Adventure,Drama,Comedy,Science Fiction,"12,18,35,878,53,"
155,B07BFM16KH,kindle,kindle edition,No Man's Land,"Linell Jeppsen, Jeb Rosebrook",Wolfpack Publishing,1987-10-23,Released,,6.1,1987.0,No Man's Land,Action,Drama,Thriller,,"28,18,53,"
156,B00DQXMW7M,kindle,kindle edition,Jealousy,Jenna Galicki,Beau to Beau Publishing,1953-01-13,Released,,8.0,1999.0,Jealousy,Romance,Drama,,,"10749,18,"
157,B076GSVT4Z,kindle,kindle edition,Green Card,Elizabeth Adams,,1990-12-23,Released,"The story of two people who got married, met and then fell in love.",5.9,1990.0,Green Card,Comedy,Drama,Romance,,"35,18,10749,"
158,B078VM48HM,kindle,kindle edition,Pulse,Angela Fiddler,Angela Fiddler,2001-02-10,Released,,6.1,2003.0,Pulse,Horror,Thriller,,,"27,53,"
159,B012LWZJ1O,kindle,kindle edition,Cover Girl,Nic Tatano,HarperImpulse,1944-03-30,Released,THE MOST BRILLIANT MUSICAL OF OUR TIME!,6.4,1944.0,Cover Girl,Comedy,Music,Romance,,"35,10402,10749,"
160,B00KYWRWS2,kindle,kindle edition,Terror Train,"Krista Clark Grabowski, A Henry Keene, Stephen Cooney, Mike Jansen",James Ward Kirk Publishing,1980-10-03,Released,The boys and girls of Sigma Phi. Some will live. Some will die.,5.8,1980.0,Terror Train,Horror,Thriller,,,"27,53,"
161,B00BL9APTA,kindle,kindle edition,Derailed,Angela Kay Austin,Vanilla Heart Publishing,2005-11-11,Released,He never saw it coming.,6.1,2002.0,Derailed,Drama,Thriller,,,"18,53,"
162,B00EUTR4RE,kindle,kindle edition,Sleepy Hollow,Taryn Kincaid,"Decadent Publishing Company, LLC",1999-11-18,Released,Heads will roll.,6.9,1999.0,Sleepy Hollow,Drama,Fantasy,Thriller,Mystery,"18,14,53,9648,"
163,B06XR38RT5,kindle,kindle edition,Power Play,Mari Carr,,1978-11-01,Released,,8.0,1999.0,Power Play,Thriller,Drama,,,"53,18,"
164,B01BVX053Q,kindle,kindle edition,Nobody Knows,Rebecca Barber,Limitless Publishing LLC,2004-08-07,Released,,7.8,2005.0,Nobody Knows,Drama,,,,"18,"
165,B074WBSKDT,kindle,kindle edition,Gus,C.J. Petit,Kindle Press,1976-07-07,Released,,6.8,1976.0,Gus,Comedy,Family,,,"35,10751,"
166,B00MF0ZV8Y,kindle,kindle edition,Alice's Adventures in Wonderland,"Lewis Carroll, Iassen Ghiuselev",Open Road Media Teen & Tween,1972-01-01,Released,"Made in Wonderland, the most magical musical of all!",5.6,1972.0,Alice's Adventures in Wonderland,Family,Fantasy,Music,,"10751,14,10402,"
167,B00DY0A2FQ,kindle,kindle edition,Come Undone,Madelynne Ellis,Mischief,2000-06-07,Released,,6.1,2000.0,Come Undone,Romance,Drama,,,"10749,18,"
168,B016H17GQQ,kindle,kindle edition,Swept Away,Susan V. Vaughn,Liquid Silver Books,1974-12-18,Released,,7.4,2002.0,Swept Away,Drama,Comedy,Romance,Foreign,"18,35,10749,10769,"
169,B01BPKEFOU,kindle,kindle edition,Dust,Beaux Cooper,Tirgearr Publishing,2001-08-29,Released,,5.6,2001.0,Dust,Action,Drama,Romance,Western,"28,18,10749,37,"
170,B07BY855VK,kindle,kindle edition,The End,M. Rose Flores,NineStar Press,1978-05-10,Released,Are there laughs before death?,5.7,1978.0,The End,Comedy,,,,"35,"
171,B07B5MYB3G,kindle,kindle edition,Heist,MJ Duncan,,2001-11-09,Released,It isn't love that makes the world go round.,6.3,2001.0,Heist,Action,Crime,Drama,Thriller,"28,80,18,53,"
172,B07BVV7V9X,kindle,kindle edition,After Hours,Emjay Haze,NineStar Press,1985-09-13,Released,"When it's after midnight in New York City, you don't have to look for love, laughter and trouble. They'll all find you!",7.4,1985.0,After Hours,Comedy,Thriller,Drama,,"35,53,18,"
173,B00WX7JHBG,kindle,kindle edition,Drive Me Crazy,Portia MacIntosh,Carina,1999-10-01,Released,The last guy she wants is the only one she needs.,5.8,1999.0,Drive Me Crazy,Drama,Comedy,Romance,Family,"18,35,10749,10751,"
174,B00D2DZL92,kindle,kindle edition,Blood Moon,K. J. Gillenwater,,2014-08-25,Released,When its Red. You're Dead.,5.6,2001.0,Blood Moon,Western,Horror,,,"37,27,"
175,B077XRC1CQ,kindle,kindle edition,Only You,Kay Doherty,NineStar Press,1994-09-17,Released,A love story written in the stars.,6.4,1994.0,Only You,Comedy,Drama,Romance,,"35,18,10749,"
176,B00A395BX4,kindle,kindle edition,White Christmas,Emma Lee-Potter,Endeavour Press Ltd.,1954-10-13,Released,"Joyous entertainment for every season, any year!!!!",6.9,1954.0,White Christmas,Comedy,Music,Romance,,"35,10402,10749,"
177,B00PNPONF0,kindle,kindle edition,In Too Deep,Kate Sherwood,Dreamspinner Press,1999-08-25,Released,,6.3,1999.0,In Too Deep,Drama,Action,Thriller,Crime,"18,28,53,80,"
178,B01633B4VQ,kindle,kindle edition,Worth Winning,Parker Elling,Kindle Press,1989-10-27,Released,An engaging comedy about a bachelor and three near Mrs.,6.0,1989.0,Worth Winning,Comedy,Romance,,,"35,10749,"
179,B01MDOQ1G1,kindle,kindle edition,A Place in the Sun,R.S. Grey,,1951-06-12,Released,Young people asking so much of Life... taking so much of Love!,6.9,1951.0,A Place in the Sun,Drama,Romance,,,"18,10749,"
180,B01FEAGCS4,kindle,kindle edition,Frankenstein,Mary Shelley,Mary Shelley,1931-11-21,Released,The man who made a monster.,7.3,2004.0,Frankenstein,Drama,Horror,Science Fiction,,"18,27,878,"
181,B078HGXBX7,kindle,kindle edition,The Calling,M.D. Neu,NineStar Press,2014-08-05,Released,Pray for the Prey,5.6,2000.0,The Calling,Thriller,,,,"53,"
182,B01CIPKWJI,kindle,kindle edition,Double Trouble,Darcy Flynn,Paper Moon Publishing,1967-04-05,Released,ELVIS with songs and adventures in mad mod Europe!,6.1,1967.0,Double Trouble,Comedy,Music,Romance,,"35,10402,10749,"
183,B008TVDBD0,kindle,kindle edition,The Importance of Being Earnest,Oscar Wilde,Dover Publications,2002-05-17,Released,Everybody Loves Ernest... But Nobody's Quite Sure Who He Really Is.,6.8,1952.0,The Importance of Being Earnest,Comedy,Drama,History,Romance,"35,18,36,10749,"
184,B01N5VLNKP,kindle,kindle edition,The Inheritance,Ally Bunbury,Poolbeg Press,2003-02-21,Released,,7.0,2003.0,The Inheritance,Drama,,,,"18,"
185,B00CF043NS,kindle,kindle edition,Deliverance,"Ash Krafton, Francesca Poggi, Silvia Paoletta",,1972-07-30,Released,What did happen on the Cahulawassee River?,7.2,1972.0,Deliverance,Drama,Adventure,Thriller,,"18,12,53,"
186,B01BIKV51S,kindle,kindle edition,War and Peace,Leo Tolstoy,Leo Tolstoy,1956-08-21,Released,The Greatest Novel Ever Written ... Now Magnificently Alive On The Screen!,6.8,1956.0,War and Peace,Drama,War,Romance,,"18,10752,10749,"
187,B01FEGEBU4,kindle,kindle edition,Moby Dick,Herman Melville,Herman Melville,1956-06-27,Released,"From the immortal adventure classic...of whaling men, their ships, and the sea!",6.9,1956.0,Moby Dick,Adventure,Drama,,,"12,18,"
188,B00SDQMY1G,kindle,kindle edition,Red,B.G. Thomas,Dreamspinner Press,2008-10-07,Released,They should have told the truth.,6.9,1994.0,Red,Drama,Thriller,,,"18,53,"
189,B00B7NPRY8,kindle,kindle edition,Dune,Frank Herbert,Ace,1984-12-14,Released,"A world beyond your experience, beyond your imagination.",6.5,2000.0,Dune,Action,Science Fiction,Adventure,,"28,878,12,"
190,B0147D76H0,kindle,kindle edition,Pride,Candace Blevins,Excessica Publishing,2007-03-23,Released,,5.0,2004.0,Pride,Drama,Family,,,"18,10751,"
191,B07CHTVR1N,kindle,kindle edition,Masquerade,Stella Wolfe,,1988-03-11,Released,,5.2,1988.0,Masquerade,Drama,Romance,Mystery,Thriller,"18,10749,9648,53,"
192,B06XR3FFZ5,kindle,kindle edition,Hero,Stacy-Deanne,,1992-10-02,Released,We're all heroes if you catch us at the right moment. Even Bernie Laplante.,6.3,1992.0,Hero,Drama,Comedy,Thriller,Mystery,"18,35,53,9648,"
193,B00RWJPS2C,kindle,kindle edition,Siddhartha,Hermann Hesse,Open Road Media,1972-08-01,Released,,5.3,1972.0,Siddhartha,Drama,Mystery,,,"18,9648,"
194,B01MYE8CEC,kindle,kindle edition,Haven,Tom Deady,Cemetery Dance Publications,2004-09-11,Released,Can love survive the fall of paradise?,5.2,2001.0,Haven,Drama,Crime,,,"18,80,"
195,B078X3W8C2,kindle,kindle edition,Rebound,Remi Ryan,,2005-07-01,Released,A comedy where old school ...meets middle school,5.2,1996.0,Rebound,Comedy,Family,,,"35,10751,"
196,B006SRYDT8,kindle,kindle edition,Best Friends,Edna Curry,,1982-12-17,Released,What a present for Christmas,5.3,1982.0,Best Friends,Comedy,Romance,,,"35,10749,"
197,B00XAZMPK0,kindle,kindle edition,Bulletproof,Maci Bookout,Post Hill Press,1996-09-06,Released,Tough cop. Hostile witness.,5.4,1996.0,Bulletproof,Action,Adventure,Comedy,Thriller,"28,12,35,53,"
198,B076HBKQKM,kindle,kindle edition,The Matchmaker,Alexa Milne,Pride Publishing,1997-10-03,Released,A comedy for the incurably unromantic.,6.1,1958.0,The Matchmaker,Comedy,Romance,,,"35,10749,"
199,B01MDQRNYI,kindle,kindle edition,What Women Want,Mari Carr,,2000-12-15,Released,He has the power to hear everything women are thinking. Finally... a man is listening.,6.1,2000.0,What Women Want,Comedy,Romance,,,"35,10749,"
200,B06XRMDG4V,kindle,kindle edition,Stripped,Ruth D. Kerce,,2014-04-01,Released,The Comics Documentary,7.0,2001.0,Stripped,,,,,
201,B00XCNBOUC,kindle,kindle edition,Angel Eyes,Myrna Mackenzie,,2001-05-15,Released,"The deeper you look, the more you will find.",5.5,2001.0,Angel Eyes,Drama,Romance,Thriller,,"18,10749,53,"
202,B00BSESWPW,kindle,kindle edition,Shattered,Lizbeth Lipperman,The Story Vault,1991-10-11,Released,,6.1,1991.0,Shattered,Mystery,Thriller,,,"9648,53,"
203,B01MT443OX,kindle,kindle edition,Intermission,Jennie Lee Schade,Excessica,2003-08-29,Released,Life is what happens in between.,6.4,2004.0,Intermission,Romance,Action,Comedy,Crime,"10749,28,35,80,9648,18,"
204,B01E0MFIP0,kindle,kindle edition,The Void,D.J. Goodman,Severed Press,2001-01-01,Released,,3.8,2001.0,The Void,Action,Thriller,Science Fiction,,"28,53,878,"
205,B001BANK2S,kindle,kindle edition,Night Shift,Stephen King,Anchor,1982-07-30,Released,"Ever since two enterprising young men turned the City Morgue into a swinging business, people have been dying to get in.",5.9,1982.0,Night Shift,Comedy,,,,"35,"
206,B072F9SN43,kindle,kindle edition,The Apartment,Sweta Kondavalasa,Write India Publishers,1960-06-15,Released,"Movie-wise, there has never been anything like it - laugh-wise, love-wise, or otherwise-wise!",8.1,1960.0,The Apartment,Comedy,Drama,Romance,,"35,18,10749,"
207,B01E8N3HLI,kindle,kindle edition,The Protector,Bridget Essex,Rose and Star Press,2005-08-11,Released,Vengeance Knows No Mercy,6.8,1985.0,The Protector,Action,Crime,Drama,Thriller,"28,80,18,53,"
208,B009PP0KSI,kindle,kindle edition,House of Cards,Terri Molina,Purple Papaya LLC,1993-06-25,Released,A Journey That Will Open Your Mind... And Touch Your Heart.,6.7,1993.0,House of Cards,Drama,,,,"18,"
209,B0147GFD3G,kindle,kindle edition,Boomerang,Ruchi Singh,Indireads,1992-06-30,Released,A Player Who's About to be Played.,5.4,1992.0,Boomerang,Comedy,Romance,,,"35,10749,"
210,B01LX18G2T,kindle,kindle edition,Brothers in Arms,"Megan Slayer, Helena Maeve, Anna Lee, Lucy Felthouse, Thom Collins",Pride Publishing,2005-01-01,Released,A revisionist western,2.7,2004.0,Brothers in Arms,Western,,,,"37,"
211,B004T3RQQK,kindle,kindle edition,The Sweetest Thing,Barbara Freethy,"Fog City Publishing, LLC",2002-04-12,Released,A romantic comedy without the sugar.,5.3,2002.0,The Sweetest Thing,Romance,Comedy,,,"10749,35,"
212,B00JI1D7RK,kindle,kindle edition,The Goodbye Girl,Angela Verdenius,Angela Verdenius,1977-11-30,Released,Thank you Neil Simon for making us laugh at falling in love...again.,7.3,1977.0,The Goodbye Girl,Comedy,Romance,,,"35,10749,"
213,B001BANK2I,kindle,kindle edition,Carrie,Stephen King,Anchor,1976-11-03,Released,If youâve got a taste for terror... take Carrie to the prom.,7.0,1976.0,Carrie,Horror,Thriller,,,"27,53,"
214,B0749P9RX9,kindle,kindle edition,Shade,Shey Stahl,Shey Stahl Inc.,2003-05-18,Released,"Lie, cheat, steal... your deal!",6.1,2003.0,Shade,Action,Thriller,Crime,,"28,53,80,"
215,B076FX6RZK,kindle,kindle edition,Drive,Stephanie Fournet,Blue Tulip Publishing INC.,2011-08-06,Released,There are no clean getaways.,7.4,1997.0,Drive,Drama,Action,Thriller,Crime,"18,28,53,80,"
216,B009V4Y5EI,kindle,kindle edition,Human Resources,"Geoffrey Neil, Christina Dominguez",Priorities Intact Publishing,1999-11-20,Released,,6.4,1999.0,Human Resources,Drama,,,,"18,"
217,B01N148JTY,kindle,kindle edition,The Castle,Skye Warren,,1997-04-10,Released,Ordinary Family. Extraordinary Story.,7.4,1999.0,The Castle,Drama,Comedy,,,"18,35,"
218,B074M1V5S9,kindle,kindle edition,The Perfect Husband,Buffy Andrews,HQ Digital,2004-02-12,Released,,4.0,1992.0,The Perfect Husband,,,,,
219,B009QUUINE,kindle,kindle edition,Coming Home,Elisabeth Rose,Montlake Romance,1978-02-15,Released,A man who believed in war! A man who believed in nothing! And a woman who believed in both of them!,6.9,1998.0,Coming Home,Drama,Romance,War,,"18,10749,10752,"
220,B00RWJPTWQ,kindle,kindle edition,Treasure Island,Robert L Stevenson,Open Road Media Teen & Tween,1950-07-18,Released,"PIRATE'S PLUNDER a young cabin boy, a roguish buccaneer... match wits in a swashbuckling adventure!",6.9,1997.0,Treasure Island,Adventure,Family,,,"12,10751,"
221,B01N7SNOIH,kindle,kindle edition,Lost & Found,Shilpa Mudiganti,"Inkspell Publishing, LLC",1999-04-23,Released,A comedy about a guy who would do anything to get the girl of his dreams - and did!,4.9,1999.0,Lost & Found,Comedy,Romance,,,"35,10749,"
222,B00N4VWI9I,kindle,kindle edition,Family Business,Brett Williams,Comet Press,1989-12-15,Released,,5.4,1989.0,Family Business,Action,Comedy,Crime,Drama,"28,35,80,18,53,"
223,B07C5V5LKD,kindle,kindle edition,The Tempest,JM Dragon,Affinity Fiction Press,1998-12-13,Released,,7.0,1979.0,The Tempest,Fantasy,Drama,Science Fiction,,"14,18,878,"
224,B00MF0ZVEI,kindle,kindle edition,Anne of Green Gables,L. M Montgomery,Open Road Media Teen & Tween,1985-12-01,Released,,8.2,1985.0,Anne of Green Gables,Drama,Family,,,"18,10751,"
225,B079VW8TG3,kindle,kindle edition,Spellbound,Reana Malori,,1945-12-28,Released,The maddest love that ever possessed a woman.,7.3,1945.0,Spellbound,Drama,Mystery,Thriller,,"18,9648,53,"
226,B00INITQ24,kindle,kindle edition,The Art of War,"Sun Tzu, Lionel Giles",Open Road Media,2000-08-23,Released,Who is your foe?,5.6,2000.0,The Art of War,Crime,Action,Adventure,,"80,28,12,"
227,B0045Y26DQ,kindle,kindle edition,The Gift,"Sidney Williams, Michael August",Crossroad Press,2000-12-22,Released,The only witness to the crime was not even there.,6.4,2000.0,The Gift,Horror,Drama,Thriller,Mystery,"27,18,53,9648,"
228,B00K5EBDX4,kindle,kindle edition,The Secret Garden,"Frances H Burnett, Sandra M. Gilbert",Open Road Media Teen & Tween,1993-08-13,Released,"The timeless tale of a special place where magic, hope and love grow.",7.1,1993.0,The Secret Garden,Drama,Family,Fantasy,,"18,10751,14,"
229,B000SEVWXW,kindle,kindle edition,Hostage,Don Brown,Zondervan,2005-03-10,Released,Every Second Counts,6.2,2005.0,Hostage,Mystery,Drama,Thriller,Crime,"9648,18,53,80,"
230,B073D732TK,kindle,kindle edition,Sleepers,Clancy  Weeks,Netherworld Books,1996-10-18,Released,When friendship runs deeper than blood.,7.3,1996.0,Sleepers,Crime,Drama,Thriller,,"80,18,53,"
231,B00JDY7ULG,kindle,kindle edition,Journey to the Center of the Earth,Jules Verne,Open Road Media Sci-Fi & Fantasy,1959-12-14,Released,A fabulous world below the world,6.7,1959.0,Journey to the Center of the Earth,Adventure,Fantasy,Family,,"12,14,10751,"
232,B06XSJDGDQ,kindle,kindle edition,Sweet Dreams,Brooke Edwards,,1985-10-02,Released,,6.9,1985.0,Sweet Dreams,Drama,Romance,Music,,"18,10749,10402,"
233,B0034G661Y,kindle,kindle edition,Starting Over,Laura Rittenhouse,Wings ePress,1979-10-05,Released,He wants to straighten out his life.... one way or another,6.9,1979.0,Starting Over,Comedy,Romance,,,"35,10749,"
234,B073VXLZH2,kindle,kindle edition,Nightfall,T.K. Lawyer,"Foundations, LLC",1957-05-13,Released,,6.8,2000.0,Nightfall,Action,Crime,Thriller,,"28,80,53,"
235,B079NKXVC9,kindle,kindle edition,Spider,Jack Wade,Genius Book Publishing,2002-12-13,Released,The only thing worse than losing your mind... is finding it again.,6.4,2003.0,Spider,Drama,Mystery,Thriller,,"18,9648,53,"
236,B079ZZVBHC,kindle,kindle edition,Giant,Richard Georges,Platypus Press,1956-10-10,Released,The legendary epic that's as big as Texas.,7.5,1956.0,Giant,Action,Drama,Western,,"28,18,37,"
237,B00IYSU3ZM,kindle,kindle edition,A Shock to the System,Simon Brett,Severn House Digital,1990-03-23,Released,,6.7,1990.0,A Shock to the System,Comedy,Drama,Thriller,,"35,18,53,"
238,B00OOEEQAI,kindle,kindle edition,One Fine Day,Teresa F. Morgan,HarperImpulse,1996-12-20,Released,She was having a perfectly bad day... Then he came along and spoiled it.,6.1,1996.0,One Fine Day,Comedy,Romance,,,"35,10749,"
239,B00KVTS1DS,kindle,kindle edition,The Jungle Book,Rudyard Kipling,Open Road Media Teen & Tween,1994-12-23,Released,,5.9,1994.0,The Jungle Book,Adventure,Drama,Family,,"12,18,10751,"
240,B07CH3D3DV,kindle,kindle edition,The Dream Catcher,Annette Mori,Affinity Rainbow Publications,1999-08-08,Released,,6.7,2000.0,The Dream Catcher,Drama,,,,"18,"
241,B07D6XFD2G,kindle,kindle edition,The Recruit,Addison Albright,JMS Books LLC,2003-01-31,Released,Trust. Betrayal. Deception. In the C.I.A. nothing is what it seems.,6.2,2003.0,The Recruit,Action,Thriller,,,"28,53,"
242,B075H6MCRK,kindle,kindle edition,The Hole,William Meikle,Crossroad Press,1998-09-14,Released,,7.2,2001.0,The Hole,Drama,Fantasy,Romance,,"18,14,10749,"
243,B00KSNCRH8,kindle,kindle edition,Malice,Anne Patrick,Anne Patrick,1993-09-29,Released,Her doctor wasn't playing God. He thought he was God.,5.9,1993.0,Malice,Drama,Crime,,,"18,80,"
244,B01G7FENTA,kindle,kindle edition,A Face in the Crowd,Christina Kirby,Soul Mate Publishing,1957-10-17,Released,"POWER! He loved it! He took it raw in big gulpfuls...he liked the taste, the way it mixed with the bourbon and the sin in his blood!",7.4,1957.0,A Face in the Crowd,Drama,,,,"18,"
245,B00PZ3IURM,kindle,kindle edition,Forever Mine,Monica Burns,Maroli SP Imprints,1999-12-09,Released,Some desires are too dangerous to resist.,4.4,1999.0,Forever Mine,Crime,Drama,Romance,Thriller,"80,18,10749,53,"
246,B005HFBQN8,kindle,kindle edition,Spin,Catherine McKenzie,Harper Paperbacks,2003-10-23,Released,,4.8,2004.0,Spin,Family,Drama,,,"10751,18,"
247,B06X3TDMW5,kindle,kindle edition,Angel,JL Merrow,JMS Books LLC,1937-10-29,Released,I want love - and I'm going to get it!,6.8,1982.0,Angel,Comedy,Drama,Romance,,"35,18,10749,"
248,B006QYWLGU,kindle,kindle edition,Alice in Wonderland,Lewis Carroll,,1951-07-03,Released,A world of wonders in One Great Picture,7.0,1966.0,Alice in Wonderland,Animation,Adventure,Family,Fantasy,"16,12,10751,14,"
249,B07C8H79J2,kindle,kindle edition,Last Dance,Renee Fowler,,1996-05-02,Released,Sometimes justice is a crime,5.6,1996.0,Last Dance,Drama,Thriller,,,"18,53,"
250,B007MAXHUG,kindle,kindle edition,The Game,Neil Strauss,It Books,1997-09-12,Released,What do you get for the man who has everything?,7.5,1997.0,The Game,Drama,Thriller,Mystery,,"18,53,9648,"
251,B00YPJM87K,kindle,kindle edition,Hammerhead,Thomas Black,Endeavour Press,2005-06-18,Released,"Half man, Half Shark, Total Terror.",4.2,2005.0,Hammerhead,Action,Horror,Science Fiction,,"28,27,878,"
252,B00NB5JV4W,kindle,kindle edition,Picture Perfect,Jayne Rylon,Happy Endings Publishing,1997-08-01,Released,She was prepared for anything until love stormed in.,5.1,1997.0,Picture Perfect,Comedy,Romance,,,"35,10749,"
253,B00TD1ZI0O,kindle,kindle edition,Wolf,Harry Porter,Creativia,1994-06-17,Released,The animal is out.,6.0,1994.0,Wolf,Fantasy,,,,"14,"
254,B075673Z1H,kindle,kindle edition,Runaway Bride,Mary Jayne Baker,HarperImpulse,1999-07-30,Released,Catch her if you can.,5.8,1999.0,Runaway Bride,Comedy,Romance,,,"35,10749,"
255,B0052DN2YG,kindle,kindle edition,Eden,Louise Wise,YWO,1996-01-01,Released,Let your spirits soar.,6.0,1998.0,Eden,Drama,,,,"18,"
256,B00YALQPCM,kindle,kindle edition,Life or Something Like It,Annie Lyons,Carina,2002-04-26,Released,,5.7,2002.0,Life or Something Like It,Comedy,Drama,Romance,,"35,18,10749,"
257,B00DJ6QKH4,kindle,kindle edition,Twice in a Lifetime,Kierney Scott,Carina,1985-10-23,Released,,6.0,1985.0,Twice in a Lifetime,Drama,,,,"18,"
258,B01KU5SOLQ,kindle,kindle edition,Between Heaven and Hell,David Burnett,Kindle Press,1956-10-11,Released,,5.6,1956.0,Between Heaven and Hell,Drama,Action,War,,"18,28,10752,"
259,B01MFEYUZR,kindle,kindle edition,Hannibal,Patrick N Hunt,Simon & Schuster,2001-02-08,Released,"His genius undeniable. His evil, unspeakable.",6.4,2001.0,Hannibal,Crime,Drama,Thriller,Horror,"80,18,53,27,"
260,B06XPBGVFR,kindle,kindle edition,Leap of Faith,Jackie Keswick,Dreamspinner Press,1992-12-18,Released,"Real miracles, sensibly priced.",5.1,1992.0,Leap of Faith,Comedy,Drama,Romance,,"35,18,10749,"
261,B00QL3P3MU,kindle,kindle edition,End of the Line,Delores Swallows,Excessica Publishing,2007-10-14,Released,,5.4,1988.0,End of the Line,Horror,Thriller,,,"27,53,"
262,B06Y49R751,kindle,kindle edition,Open Hearts,Eve Dangerfield,,2002-09-06,Released,,6.8,2002.0,Open Hearts,Drama,Romance,,,"18,10749,"
263,B004D4ZYFU,kindle,kindle edition,Dream Lover,Sarina Wilde,The Wild Rose Press,1993-10-24,Released,If you think you know your lover. Think again. Especially if she's your wife.,5.9,1994.0,Dream Lover,Drama,Mystery,Thriller,,"18,9648,53,"
264,B00QYB16QQ,kindle,kindle edition,Book of Love,Constance Bretes,"Beachwalk Press, Inc.",1990-08-03,Released,Some things never change.,5.4,2003.0,Book of Love,Comedy,Romance,,,"35,10749,"
265,B07B6DFS76,kindle,kindle edition,Molly,Alice VL,Words Matter Publishing,1999-10-22,Released,Innocence is bliss. See the world through her.,5.5,1999.0,Molly,Drama,Comedy,Romance,,"18,35,10749,"
266,B0744NCQB3,kindle,kindle edition,The Gate,Isabella,Sapphire Books,1987-04-21,Released,Pray it's not too late.,5.9,1987.0,The Gate,Horror,Fantasy,,,"27,14,"
267,B00H90L5PS,kindle,kindle edition,Rob Roy,Walter Scott,Start Classics,1995-04-13,Released,Honor made him a man. Courage made him a hero. History made him a legend.,6.5,1995.0,Rob Roy,Adventure,,,,"12,"
268,B001C4NXKM,kindle,kindle edition,The Stand,Stephen King,Anchor,1994-01-01,Released,The end of the world is just the beginning.,6.7,1994.0,The Stand,Adventure,Drama,Fantasy,Horror,"12,18,14,27,"
269,B01DH09RNU,kindle,kindle edition,Little Secrets,"Alta Hensley, Allison West, Blushing Books",Blushing Books Publications,2001-10-17,Released,,6.4,2002.0,Little Secrets,Drama,Family,,,"18,10751,"
270,B01FGN88I6,kindle,kindle edition,Hello Again,"Susanne Matthews, Danielle Doolittle",M.H.S.L.M.,1987-11-06,Released,Her life hasn't been the same since her death.,5.1,1987.0,Hello Again,Fantasy,Drama,Comedy,Science Fiction,"14,18,35,878,10749,"
271,B0083EOIQM,kindle,kindle edition,American Yakuza,Isabella,Sapphire Books Publishing,1993-01-01,Released,The mob has a new enemy.,5.9,1995.0,American Yakuza,Action,Drama,Crime,,"28,18,80,"
272,B00FAHS2NU,kindle,kindle edition,Body Parts,Caitlin Rother,Pinnacle Books,1991-08-02,Released,The transplant was a success. Then the donor came to take it back.,5.6,1991.0,Body Parts,Horror,Thriller,,,"27,53,"
273,B00M77XE2K,kindle,kindle edition,Darkness Falls,Jamie Lynn Miller,Lulu.com,2003-01-24,Released,Evil rises.,4.9,2003.0,Darkness Falls,Thriller,Horror,,,"53,27,"
274,B008RA3PKC,kindle,kindle edition,Pride and Prejudice,"Jane Austen, Amy Armstrong",Total-E-Bound Publishing,1940-07-26,Released,The Gayest Comedy Hit of the Screen! Five Gorgeous Beauties on a Mad-Cap Manhunt! With the Stars of,7.3,1995.0,Pride and Prejudice,Drama,Romance,,,"18,10749,"
275,B075VFS6PL,kindle,kindle edition,Trick or Treat,Sydney Blackburn,NineStar Press,1986-10-24,Released,What are you afraid of? It's only rock and roll...,5.6,1986.0,Trick or Treat,Horror,Music,,,"27,10402,"
276,B0756PJTZ5,kindle,kindle edition,Miranda,R.D. DeLisle,Sapphire Books Publishing,2002-01-18,Released,smartsexydangeroussmartsexydangeroussmart,6.4,2002.0,Miranda,Comedy,Drama,Romance,Thriller,"35,18,10749,53,"
277,B00550W1BQ,kindle,kindle edition,Last Resort,Rolynn Anderson,The Wild Rose Press,2000-02-23,Released,,5.5,1986.0,Last Resort,Drama,Foreign,Romance,,"18,10769,10749,"
278,B000FC0PDA,kindle,kindle edition,The Great Gatsby,F. Scott Fitzgerald,Scribner,1974-03-27,Released,Gone is the romance that was so divine.,6.2,2000.0,The Great Gatsby,Drama,Romance,,,"18,10749,"
279,B001BANK32,kindle,kindle edition,The Shining,Stephen King,Anchor,1980-05-22,Released,A masterpiece of modern horror.,8.1,1980.0,The Shining,Horror,Thriller,,,"27,53,"
280,B01N9SLKAJ,kindle,kindle edition,A Change of Heart,Jane DiLucchio,Regal Crest Enterprises,1998-07-19,Released,,0.0,1998.0,A Change of Heart,Drama,,,,"18,"
281,B079ZP6S87,kindle,kindle edition,Naked,Kay Brandt,Excessica,1993-09-14,Released,,7.5,1993.0,Naked,Comedy,Drama,,,"35,18,"
282,B0074VTHBQ,kindle,kindle edition,The Witness,Nora Roberts,Berkley,2015-10-06,Released,,7.1,1999.0,The Witness,Documentary,,,,"99,"
283,B0745DM4GR,kindle,kindle edition,No Way Back,Kelly Florentia,Urbane Publications,1995-05-12,Released,,5.0,1996.0,No Way Back,Action,Crime,Thriller,,"28,80,53,"
284,B0091TR9NC,kindle,kindle edition,Alone,Brian Keene,,1999-03-05,Released,"Go deep, fear nothing, look for escape and be brave.",6.7,2002.0,Alone,Drama,Foreign,,,"18,10769,"
285,B07CSRMPTF,kindle,kindle edition,Secrets of the Heart,Candace Camp,HQN Books,1997-03-19,Released,,6.4,1997.0,Secrets of the Heart,Drama,,,,"18,"
286,B01N7UI2VA,kindle,kindle edition,The Circus,Olivia Levez,Oneworld Publications,1928-01-06,Released,,8.0,1928.0,The Circus,Comedy,Drama,,,"35,18,"
287,B00UZLCJ44,kindle,kindle edition,Nighthawks,Joseph D'Agnese,Nutgraf Productions LLC,1981-03-17,Released,A terrorist holds New York in a grip of fear - and only Stallone can take him on.,6.4,1981.0,Nighthawks,Action,Crime,Thriller,,"28,80,53,"
288,B00KDN88TE,kindle,kindle edition,Playing by Heart,Anne Mateer,Bethany House Publishers,1998-12-30,Released,"If romance is a mystery, there's only one way to figure it out.",6.6,1998.0,Playing by Heart,Drama,,,,"18,"
289,B00QTXU5S4,kindle,kindle edition,The Muse,"Jessica Evans, Debbie Styne, ZoryLee Diaz-Lupitou",Meryton Press,1999-08-27,Released,In Goddess we trust.,5.3,1999.0,The Muse,Fantasy,Comedy,,,"14,35,"
290,B0711CFFKT,kindle,kindle edition,To Die For,Caitlyn Willows,Totally Bound Publishing,1995-05-20,Released,All she wanted was a little attention.,6.7,1995.0,To Die For,Fantasy,Drama,Comedy,Thriller,"14,18,35,53,"
291,B072DT17C7,kindle,kindle edition,Not of This Earth,Michael Cole,Foremost Press,1988-05-20,Released,THE Science Fiction Chiller!,4.5,1988.0,Not of This Earth,Horror,Science Fiction,,,"27,878,"
292,B00R049P4G,kindle,kindle edition,Hollow Man,Mark Pryor,Seventh Street Books,2000-08-04,Released,What would you do if you knew you couldn't be seen?,5.6,2000.0,Hollow Man,Action,Science Fiction,Thriller,,"28,878,53,"
293,B073TKMDW7,kindle,kindle edition,The Long Way Home,Roslyn Bane,,1997-09-19,Released,"For the survivors of the Holocaust, liberation was only the beginning.",0.0,1997.0,The Long Way Home,Documentary,History,War,,"99,36,10752,"
294,B004XW0DSU,kindle,kindle edition,My Sister's Keeper,Edna Curry,,2009-06-26,Released,"A tale of life, love, and letting go.",7.1,2003.0,My Sister's Keeper,Drama,,,,"18,"
295,B07CNLG5J5,kindle,kindle edition,The War of the Roses,R.B.  Mowat,Beaufort Books,1989-12-08,Released,Once in a lifetime comes a motion picture that makes you feel like falling in love all over again. This is not that movie.,6.7,1989.0,The War of the Roses,Comedy,Drama,Thriller,,"35,18,53,"
296,B074TVQQLK,kindle,kindle edition,Shakedown,Martin Bodenham,Down & Out Books,1988-05-06,Released,Whatever you do... don't call the cops!,6.2,2002.0,Shakedown,Action,Adventure,Crime,Drama,"28,12,80,18,"
297,B01IMJW3FU,kindle,kindle edition,Scratch,Steve Himmer,Dark House Press,2001-11-07,Released,,7.8,2002.0,Scratch,Documentary,Music,,,"99,10402,"
298,446605239,book,mass market paperback,The Notebook,Nicholas Sparks,Warner Books,2004-06-25,Released,Behind every great love is a great story.,7.7,2004.0,The Notebook,Romance,Drama,,,"10749,18,"
299,679721037,book,mass market paperback,Hiroshima,John Hersey,Vintage,2009-09-15,Released,,5.0,1995.0,Hiroshima,Music,,,,"10402,"
300,140177396,book,mass market paperback,Of Mice and Men,John Steinbeck,Penguin Books,1992-09-16,Released,"We have a dream. Someday, we'll have a little house and a couple of acres. A place to call home.",7.1,1939.0,Of Mice and Men,Drama,,,,"18,"
301,449213943,book,mass market paperback,All Quiet on the Western Front,"Erich Maria Remarque, A W. Wheen",Ballantine Books,1930-04-29,Released,They left for war as boys never to return as men.,7.5,1930.0,All Quiet on the Western Front,Drama,War,,,"18,10752,"
302,743477553,book,mass market paperback,Othello,"William Shakespeare, Barbara A. Mowat, Paul Werstine",Simon & Schuster,1995-12-15,Released,"Envy, greed, jealousy and love.",7.0,1952.0,Othello,Drama,,,,"18,"
303,380789019,book,mass market paperback,Neverwhere,Neil Gaiman,Avon,1996-09-12,Released,,6.9,1996.0,Neverwhere,,,,,
304,014038572X,book,mass market paperback,The Outsiders,S. E. Hinton,Speak,1983-03-25,Released,They grew up on the outside of society. They weren't looking for a fight. They were looking to belong.,6.9,1983.0,The Outsiders,Crime,Drama,,,"80,18,"
305,743412273,book,mass market paperback,Pet Sematary,Stephen King,Pocket Books,1989-04-21,Released,Sometimes dead is better.,6.4,1989.0,Pet Sematary,Drama,Horror,,,"18,27,"
306,786039191,book,mass market paperback,Dead Reckoning,Caitlin Rother,Pinnacle,1947-01-16,Released,There never was a Bogart like this... and here's the reason...,6.4,1947.0,Dead Reckoning,Thriller,Crime,Drama,Mystery,"53,80,18,9648,"
307,1250128447,book,mass market paperback,Under Fire,Scarlett Cole,St. Martin's Paperbacks,1983-10-21,Released,This wasn't their war but it was their story...and they wouldn't let it go!,6.9,1983.0,Under Fire,War,Drama,,,"10752,18,"
308,671041789,book,mass market paperback,The Green Mile,Stephen King,Pocket Books,1999-12-10,Released,Miracles do happen.,8.2,1999.0,The Green Mile,Fantasy,Drama,Crime,,"14,18,80,"
309,758227019,book,mass market paperback,Obsessed,Devon Scott,Dafina,2009-04-24,Released,Sharon and Derek have all they've ever wanted... but someone else wants it more.,5.1,2002.0,Obsessed,Drama,Thriller,,,"18,53,"
310,758226993,book,mass market paperback,Unfaithful,Devon Scott,Dafina,2002-05-10,Released,Where do you go when you've gone too far?,6.3,2002.0,Unfaithful,Thriller,Drama,,,"53,18,"
311,345337662,book,mass market paperback,Interview with the Vampire,Anne Rice,Ballantine Books,1994-11-11,Released,Drink from me and live forever,7.2,1994.0,Interview with the Vampire,Horror,Romance,,,"27,10749,"
312,425189023,book,mass market paperback,Auto Focus,Robert Graysmith,Berkley,2002-10-18,Released,A day without sex is a day wasted.,6.1,2002.0,Auto Focus,Drama,Crime,,,"18,80,"
313,425234622,book,mass market paperback,The Insider,Reece Hirsch,Berkley,1999-10-28,Released,Two men driven to tell the truth... whatever the cost.,7.3,1999.0,The Insider,Drama,Thriller,,,"18,53,"
314,345353145,book,mass market paperback,Sphere,Michael Crichton,Ballantine Books,1998-02-13,Released,"A thousand feet beneath the sea, the blackest holes are in the mind...",5.8,1998.0,Sphere,Science Fiction,,,,"878,"
315,62073486,book,mass market paperback,And Then There Were None,Agatha Christie,Harper,1945-10-31,Released,,6.7,1945.0,And Then There Were None,Crime,Drama,Mystery,,"80,18,9648,"
316,440211727,book,mass market paperback,A Time to Kill,John Grisham,Island Books,1996-07-24,Released,Experience a time you'll never forget.,7.0,1996.0,A Time to Kill,Crime,Drama,Thriller,,"80,18,53,"
317,1611383153,book,paperback,Redemption,Patricia Burroughs,Book View Cafe,2013-10-11,Released,,10.0,2004.0,Redemption,History,,,,"36,"
318,1496921283,book,paperback,Twisted,Miranda Leek,AuthorHouse,1996-11-14,Released,"""Oliver Twist"" re-imagined with hustlers, addicts and drag queens.",4.5,2004.0,Twisted,Drama,,,,"18,"
319,995621209,book,paperback,Frailty,Betsy Reavley,Bloodhound Books,2001-11-17,Released,No Soul Is Safe.,7.0,2002.0,Frailty,Drama,Thriller,Crime,,"18,53,80,"
320,692071644,book,paperback,Fathers' Day,H J Brennan,Wing & a Prayer Books,1997-05-09,Released,,5.1,1997.0,Fathers' Day,Comedy,Family,,,"35,10751,"
321,571325246,book,paperback,Animal,Sara Pascoe,Faber & Faber,2005-01-11,Released,,4.6,2004.0,Animal,Thriller,Science Fiction,,,"53,878,"
322,758247354,book,paperback,The Beast Within,"Erin McCarthy, Bianca D'Arc, Jennifer Lyon",Kensington,1982-01-01,Released,He Was On The Verge Of Becoming A Man... Eater!,5.3,1982.0,The Beast Within,Horror,Science Fiction,,,"27,878,"
323,1409117162,book,paperback,The Legacy,Katherine Webb,Orion (an Imprint of The Orion Publishing Group Lt,1978-09-01,Released,It is a birthright of living death...,5.3,1979.0,The Legacy,Horror,,,,"27,"
324,974892165,book,paperback,Virus,Stephen J. Schrader,Foremost Press,1999-01-14,Released,Life on earth is in for a shock.,5.0,1999.0,Virus,Horror,Action,Science Fiction,,"27,28,878,"
325,006083482X,book,paperback,The Sheltering Sky,Paul Bowles,Ecco,1990-10-24,Released,A woman's dangerous and erotic journey...,6.4,1990.0,The Sheltering Sky,Adventure,Drama,Romance,,"12,18,10749,"
326,1503951278,book,paperback,When in Rome,"Amabile Giusti, Sarah Christine Varney",AmazonCrossing,2010-01-29,Released,Did you ever wish for the impossible?,5.7,2002.0,When in Rome,Fantasy,Comedy,Romance,,"14,35,10749,"
327,1940773237,book,paperback,Head On,John Monaghan,"History Publishing Company, LLC",1998-08-13,Released,full on - all night - come on,5.8,1999.0,Head On,Drama,,,,"18,"
328,1634769201,book,paperback,Foxes,Suki Fleet,Dreamspinner Press,1980-02-29,Released,The City Had It Coming.,5.7,1980.0,Foxes,Drama,Thriller,,,"18,53,"
329,99549484,book,paperback,To Kill a Mockingbird,"Harper Lee, A celebratory edition to mark the fiftieth anniversary of this unforgettable classic.",Arrow Books The Random House Group Limited UK,1962-12-25,Released,,7.9,1962.0,To Kill a Mockingbird,Crime,Drama,,,"80,18,"
330,141036133,book,paperback,Animal Farm,George Orwell,Penguin Books,1954-12-29,Released,He's got the world in an UPROAR!,6.8,1954.0,Animal Farm,Animation,Comedy,Drama,,"16,35,18,"
331,99428644,book,paperback,The Trial,Franz Kafka,Vintage Classics,1962-12-21,Released,,7.4,1962.0,The Trial,Crime,Drama,,,"80,18,"
332,1494464586,book,paperback,Jane Eyre,Charlotte Bronte,CreateSpace Independent Publishing Platform,1996-02-09,Released,The passionate tale of forbidden secrets!,7.1,1997.0,Jane Eyre,Drama,Romance,,,"18,10749,"
333,1412035910,book,paperback,Divine Intervention,Cheryl  Kaye Tardif,Trafford Publishing,,Released,His Judgement Cometh...,0.0,2002.0,Divine Intervention,Drama,Romance,Foreign,,"18,10749,10769,"
334,671038540,book,paperback,What's Eating Gilbert Grape,Peter Hedges,Simon & Schuster,1993-12-17,Released,A film about the love you find...In the last place you look.,7.5,1993.0,What's Eating Gilbert Grape,Romance,Drama,,,"10749,18,"
335,749933097,book,paperback,Taking Sides,Emma Lee-Potter,Piatkus Books,2001-01-01,Released,,6.1,2002.0,Taking Sides,Drama,,,,"18,"
336,60080841,book,paperback,The Stepford Wives,"Ira Levin, Peter Straub",William Morrow Paperbacks,1975-02-12,Released,Something strange is happening in the town of Stepford.,6.7,1975.0,The Stepford Wives,Horror,Mystery,Science Fiction,,"27,9648,878,"
337,545132061,book,paperback,Smile,Raina Telgemeier,Graphix,1975-01-01,Released,This beauty pageant's about to get ugly.,6.9,2005.0,Smile,Comedy,,,,"35,"
338,393312836,book,paperback,A Clockwork Orange,Anthony Burgess,W. W. Norton & Company,1971-12-18,Released,"Being the adventures of a young man whose principal interests are rape, ultra-violence and Beethoven.",8.0,1971.0,A Clockwork Orange,Science Fiction,Drama,,,"878,18,"
339,143039431,book,paperback,The Grapes of Wrath,"John Steinbeck, Robert DeMott",Penguin Classics,1940-03-15,Released,The most discussed book in years - now comes to the screen to become the most discussed picture in ages,7.8,1940.0,The Grapes of Wrath,Drama,,,,"18,"
340,1634763564,book,paperback,The Glass House,Suki Fleet,Harmony Ink Press,2001-09-14,Released,The glass is about to be shattered...,5.4,2001.0,The Glass House,Drama,Thriller,,,"18,53,"
341,1521491429,book,paperback,The Prophecy,Aline de Chevigny,Independently published,1995-09-01,Released,"On ancient ground, at the edge of the world, an evil born in heaven is about to be unleashed on earth.",6.4,1995.0,The Prophecy,Fantasy,Horror,Thriller,,"14,27,53,"
342,354828552X,book,paperback,Blow Out,Uwe Laub,Ullstein Taschenbuchvlg.,1981-07-24,Released,Murder has a sound all of its own!,7.3,1981.0,Blow Out,Drama,Mystery,Thriller,,"18,9648,53,"
343,1573225517,book,paperback,High Fidelity,Nick Hornby,Riverhead Books,2000-03-17,Released,"A comedy about fear of commitment, hating your job, falling in love and other pop favorites.",7.0,2000.0,High Fidelity,Comedy,Drama,Romance,Music,"35,18,10749,10402,"
344,1941962238,book,paperback,The Deep End,Julie Mulhern,Henery Press,2001-01-21,Released,,6.0,2001.0,The Deep End,Drama,Crime,Mystery,,"18,80,9648,"
345,1632165600,book,paperback,Innocence,Suki Fleet,Dreamspinner Press,2000-09-08,Released,"Remember to love, surrender to love, and vow to never, never forget",5.0,2000.0,Innocence,,,,,
346,1936767473,book,paperback,The Ugly,Alexander Boldizar,Brooklyn Arts Press,1997-08-26,Released,Murder is in the eye of the beholder.,5.9,1997.0,The Ugly,Horror,Thriller,,,"27,53,"
347,1626492832,book,paperback,Juggernaut,Amelia C. Gormley,Riptide Publishing,1974-09-25,Released,The greatest sea adventure in history has just begun!,6.0,1974.0,Juggernaut,Thriller,Action,Crime,,"53,28,80,"
348,1505313104,book,paperback,White Fang,Jack London,CreateSpace Independent Publishing Platform,1991-01-18,Released,"Where civilization ends, their journey begins.",6.5,1991.0,White Fang,Action,Adventure,Drama,Family,"28,12,18,10751,"
349,7435053,book,paperback,Payback,Kimberley Chambers,Harper,1999-02-05,Released,No More Mr. Nice Guy.,6.7,1999.0,Payback,Drama,Action,Thriller,Crime,"18,28,53,80,"
350,1682543005,book,paperback,The Last Ride,Dennis 'Poet' Tye,Tate Publishing,2012-06-22,Released,,5.9,2004.0,The Last Ride,Drama,Action,,,"18,28,"
351,1494405490,book,paperback,Ulysses,James Joyce,CreateSpace Independent Publishing Platform,1954-10-06,Released,History's Greatest Epic...On the Screen at Last!,6.3,1967.0,Ulysses,Adventure,,,,"12,"
352,674006712,book,paperback,Empire,"Michael Hardt, Antonio Negri",Harvard University Press,2002-12-06,Released,Two worlds collide.,6.4,2002.0,Empire,Action,Drama,,,"28,18,"
353,840767587,book,paperback,To Hell and Back,Maurice Rawlings,Thomas Nelson,1955-09-22,Released,"Rejected by the Marines, the Navy, and the Army paratroopers due to his small size and youthful appearance, when he was finally accepted by the army Murphy became the most decorated soldier in U.S. history!!!",6.6,1955.0,To Hell and Back,Action,Romance,Drama,History,"28,10749,18,36,10752,"
354,1472229959,book,paperback,The Letter,Kathryn Hughes,Headline Review,1940-11-22,Released,Fascinating Tantalizing and DANGEROUS!,7.4,1940.0,The Letter,Crime,Drama,Romance,,"80,18,10749,"
355,571191479,book,paperback,Lord of the Flies,William Golding,Riverhead Trade,1963-08-13,Released,"Evil is inherent in the human mind, whatever innocence may cloak it...",6.6,1963.0,Lord of the Flies,Thriller,Adventure,Drama,,"53,12,18,"
356,679735771,book,paperback,American Psycho,Bret Easton Ellis,Vintage,2000-04-13,Released,I think my mask of sanity is about to slip.,7.3,2000.0,American Psycho,Thriller,Drama,Crime,,"53,18,80,"
357,679731725,book,paperback,The Remains of the Day,Kazuo Ishiguro,Vintage International,1993-11-05,Released,Diamond in the Rough,7.5,1993.0,The Remains of the Day,Drama,Romance,,,"18,10749,"
358,241966280,book,paperback,The Return,Hisham Matar,PENGUIN GROUP,2003-06-25,Released,,7.4,2003.0,The Return,Thriller,Drama,Mystery,,"53,18,9648,"
359,1400079152,book,paperback,Inferno,Dan Brown,Anchor,1980-02-07,Released,"Before tenebrae, beyond suspiria there is... Inferno",6.6,1999.0,Inferno,Horror,Thriller,,,"27,53,"
360,1680308769,book,paperback,Stolen Kisses,Kerttu-Liis Kiili,"BLVNP, Incorporated",1968-08-13,Released,Antoine knows what he wants to do... his problem is doing it,7.4,1968.0,Stolen Kisses,Comedy,Drama,Romance,,"35,18,10749,"
361,1440580251,book,paperback,Maybe Baby,Ashlinn Craven,Crimson Romance,2000-06-02,Released,,5.6,2001.0,Maybe Baby,Comedy,Romance,,,"35,10749,"
362,140915131X,book,paperback,Framed,Ronnie O'Sullivan,Orion,1988-02-25,Released,An action movie with BjÃ¶rn Skifs made by Jonas Frick,5.2,1999.0,Framed,Action,Comedy,,,"28,35,"
363,1621840638,book,paperback,Oxygen,Olson/Ingermanson,Enclave Publishing,1999-11-12,Released,,5.4,1998.0,Oxygen,Mystery,Thriller,Crime,Drama,"9648,53,80,18,"
364,8245118,book,paperback,Little Black Book,Otegha Uwagba,Fourth Estate,2004-08-06,Released,Have you ever been tempted to look inside his...,5.2,2004.0,Little Black Book,Comedy,Romance,Drama,,"35,10749,18,"
365,1849230749,book,paperback,Safe,Kate Hanney,YouWriteOn,1995-06-23,Released,In the 21st century nobody will be... Safe.,7.2,1995.0,Safe,Drama,,,,"18,"
366,60760907,book,paperback,One Crazy Summer,Rita Williams-Garcia,Amistad,1986-08-08,Released,"They're out of school, out on Nantucket, and out of their minds. With this crowd, anything can happen!",6.4,1986.0,One Crazy Summer,Drama,Comedy,Romance,Family,"18,35,10749,10751,"
367,054792822X,book,paperback,The Hobbit,J.R.R. Tolkien,Mariner Books,1977-11-27,Released,,6.0,1978.0,The Hobbit,Adventure,Animation,Family,,"12,16,10751,"
368,1519781350,book,paperback,Highway,Anna Quicke,CreateSpace Independent Publishing Platform,2014-02-20,Released,,7.0,2001.0,Highway,Drama,Romance,,,"18,10749,"
369,718183428,book,paperback,My Name Is Nobody,Matthew Richardson,Michael Joseph Ltd,1973-12-13,Released,"Nobody, but ""Nobody,"" knows the trouble he's in!",7.1,1974.0,My Name Is Nobody,Comedy,Western,,,"35,37,"
370,141395095,book,paperback,Leviathan,"Thomas Hobbes, Christopher Brooke",Penguin Classics,1989-03-17,Released,The true meaning of fear,6.0,1989.0,Leviathan,Adventure,Horror,Action,Thriller,"12,27,28,53,878,"
371,1476770514,book,paperback,All the President's Men,"Bob Woodward, Carl Bernstein",Simon & Schuster,1976-04-04,Released,The most devastating detective story of this century.,7.6,1976.0,All the President's Men,Drama,History,Mystery,Thriller,"18,36,9648,53,"
372,1503215156,book,paperback,Around the World in 80 Days,Jules Verne,CreateSpace Independent Publishing Platform,2004-06-16,Released,Let your imagination soar.,5.7,2004.0,Around the World in 80 Days,Action,Adventure,Comedy,,"28,12,35,"
373,147812153X,book,paperback,Wildflowers,Rhonda McCormack,CreateSpace Independent Publishing Platform,2000-03-04,Released,"Sometimes, a chance meeting can be a chance to change your life....",5.8,2000.0,Wildflowers,Drama,,,,"18,"
374,985701471,book,paperback,Missing,Kevin Don Porter,"The Artists' Orchard, LLC",1982-02-12,Released,,7.2,1982.0,Missing,Drama,History,Mystery,Thriller,"18,36,9648,53,"
375,1412062292,book,paperback,The River,Cheryl Kaye Tardif,Trafford Publishing,1984-12-01,Released,He might be able to hold back the river. But could he hold back the greed of man?,6.5,1997.0,The River,Drama,,,,"18,"
376,1910530743,book,paperback,The Seventh Seal,Andrew Dobbs,Mirador Publishing,1957-02-16,Released,,7.9,1957.0,The Seventh Seal,Fantasy,Drama,,,"14,18,"
377,3464371646,book,paperback,About a Boy,"Nick Hornby, Peter Bruck",Cornelsen,2002-04-26,Released,One ordinary couple. One little white lie.,6.6,2002.0,About a Boy,Drama,Comedy,Romance,,"18,35,10749,"
378,425278271,book,paperback,Suspect,Robert Crais,G.P. Putnam's Sons,1987-10-23,Released,,6.4,1987.0,Suspect,Crime,Drama,Thriller,,"80,18,53,"
379,345417941,book,paperback,The Cider House Rules,John Irving,Ballantine Books,1999-12-17,Released,A story about how far we must travel to find the place where we belong.,6.9,1999.0,The Cider House Rules,Drama,,,,"18,"
380,1517145503,book,paperback,Beautiful,"Anita Waller, Bloodhound Books",CreateSpace Independent Publishing Platform,2000-09-10,Released,,5.8,2000.0,Beautiful,Comedy,,,,"35,"
381,1544099592,book,paperback,A Doll's House,"Henrik Ibsen, Biblioness",CreateSpace Independent Publishing Platform,1973-05-22,Released,He is the master. He's called a husband. She is the play thing. She's called a wife.,5.6,1973.0,A Doll's House,Comedy,Drama,,,"35,18,"
382,486411095,book,paperback,Dracula,Bram Stoker,Dover Publications,1992-11-13,Released,Love never dies.,7.1,1931.0,Dracula,Romance,Horror,,,"10749,27,"
383,1409103234,book,paperback,Heaven Can Wait,Cally Taylor,Orion,1978-06-28,Released,,6.4,1943.0,Heaven Can Wait,Fantasy,Drama,Comedy,Romance,"14,18,35,10749,"
384,1439194009,book,paperback,Postcards from the Edge,Carrie Fisher,Simon & Schuster,1990-09-12,Released,"Having a wonderful time, wish I were here.",6.3,1990.0,Postcards from the Edge,Comedy,Drama,,,"35,18,"
385,1491770228,book,paperback,The Baby,Sylvia Norman,iUniverse,1973-03-01,Released,What goes on in this nursery isn't for kids!,6.1,1973.0,The Baby,Horror,Thriller,,,"27,53,"
386,156628708,book,paperback,Mrs. Dalloway,"Virginia Woolf, Maureen Howard",Mariner Books,1997-09-01,Released,,5.4,1997.0,Mrs. Dalloway,Drama,Romance,,,"18,10749,"
387,544003411,book,paperback,The Lord of the Rings,J.R.R. Tolkien,Mariner Books,1978-11-15,Released,Fantasy...beyond your imagination,6.1,1978.0,The Lord of the Rings,Fantasy,Drama,Animation,Adventure,"14,18,16,12,"
388,1487002939,book,paperback,The Last Wave,Gillian Best,House of Anansi Press,1977-01-01,Released,Hasn't the weather been strange...could it be a warning?,6.8,1977.0,The Last Wave,Drama,Mystery,Thriller,,"18,9648,53,"
389,1425986331,book,paperback,Immortal,Alled Caster,AuthorHouse,2004-03-13,Released,,5.8,2004.0,Immortal,Drama,Action,Science Fiction,,"18,28,878,"
390,804172951,book,paperback,City on Fire,Garth Risk Hallberg,Vintage,1987-02-13,Released,He Thought He Knew the Risks of Going Undercover,6.9,1987.0,City on Fire,Thriller,Action,,,"53,28,"
391,1503280292,book,paperback,Little Women,Louisa May Alcott,CreateSpace Independent Publishing Platform,1994-12-21,Released,"The story that has lived in our hearts for generations, now comes to the screen for the holidays.",7.0,1932.0,Little Women,Drama,Romance,,,"18,10749,"
392,1444720716,book,paperback,Misery,Stephen King,Hodder & Stoughton,1990-11-28,Released,"Paul Sheldon used to write for a living. Now, he's writing to stay alive.",7.6,1990.0,Misery,Drama,Thriller,,,"18,53,"
393,1565129768,book,paperback,In the Time of the Butterflies,Julia Alvarez,Algonquin Books,2001-10-21,Released,Women had their place. Hers was in the revolution.,6.6,2001.0,In the Time of the Butterflies,TV Movie,Thriller,Drama,History,"10770,53,18,36,10749,"
394,150329031X,book,paperback,Persuasion,Jane Austen,CreateSpace Independent Publishing Platform,1995-09-27,Released,,7.4,1995.0,Persuasion,Drama,Romance,,,"18,10749,"
395,684803356,book,paperback,For Whom the Bell Tolls,Ernest Hemingway,Scribner,1943-07-12,Released,Thunderous! Tender! Touching!,6.1,1943.0,For Whom the Bell Tolls,Drama,History,Romance,Thriller,"18,36,10749,53,"
396,1610409272,book,paperback,Phoenix,"Racheline Maltese, Erin McRae",Torquere Press,1998-09-04,Released,"In this town, the heat can kill you.",5.2,1998.0,Phoenix,Drama,Thriller,Crime,Romance,"18,53,80,10749,"
397,068485256X,book,paperback,The Last Temptation of Christ,"Nikos Kazantzakis, P. A. Bien",Simon & Schuster,1988-08-12,Released,,7.0,1988.0,The Last Temptation of Christ,Drama,,,,"18,"
398,747275874,book,paperback,The Crew,Dougie Brimson,Headline Hardbacks,2000-08-21,Released,,6.4,2000.0,The Crew,Action,Comedy,,,"28,35,"
399,1503275183,book,paperback,Great Expectations,Charles Dickens,CreateSpace Independent Publishing Platform,1998-01-19,Released,Let desire be your destiny.,6.4,1946.0,Great Expectations,Comedy,Drama,Romance,,"35,18,10749,"
400,1620610515,book,paperback,Heavy Metal,Natalie J. Damschroder,Entangled Select,1981-08-07,Released,A Step Beyond Science Fiction,6.3,1981.0,Heavy Metal,Animation,Science Fiction,,,"16,878,"
401,1442445815,book,paperback,The Program,Suzanne Young,Simon Pulse,1993-09-24,Released,From Different Worlds They Come To Prove Themselves In The Gritty World of College Football.,6.0,1993.0,The Program,Drama,,,,"18,"
402,60778660,book,paperback,Alive,Piers Paul Read,Harper Perennial,1993-01-15,Released,They survived the impossible...by doing the unthinkable.,6.7,1993.0,Alive,Action,Adventure,Drama,Thriller,"28,12,18,53,"
403,1934081116,book,paperback,Control,Manna Francis,Casperian Books LLC,2003-11-20,Released,There's No Such Thing As A Free Ride.,7.4,2004.0,Control,Comedy,Crime,Thriller,,"35,80,53,"
404,1501171631,book,paperback,Lucky,Alice Sebold,Scribner,2010-01-24,Released,A documentary about the American lottery and some of the industry's biggest winners (and losers).,8.0,2002.0,Lucky,Comedy,Documentary,Romance,,"35,99,10749,"
405,3442483506,book,paperback,Taxi,Karen Duve,Goldmann Verlag,1998-04-04,Released,,6.5,2004.0,Taxi,Action,Comedy,Crime,,"28,35,80,"
406,352323078,book,paperback,Assassin,Shaun Hutson,Star Book,2015-03-09,Released,The wicked shall die.,3.8,1986.0,Assassin,Crime,Thriller,,,"80,53,"
407,1849839735,book,paperback,Total Recall,Arnold Schwarzenegger,Simon & Schuster Ltd,1990-06-01,Released,"They stole his mind, now he wants it back.",7.1,1990.0,Total Recall,Action,Adventure,Science Fiction,,"28,12,878,"
408,1780220081,book,paperback,Jubilee,Shelley Harris,Phoenix,1978-02-01,Released,"Sex, drugs and punk rock. Add violence and time travel and you have Jubilee.",5.9,1977.0,Jubilee,Comedy,Drama,Fantasy,Music,"35,18,14,10402,"
409,1842438379,book,paperback,Driven,James Sallis,No Exit Press,2001-04-27,Released,Get ready for the race of your life.,4.5,2001.0,Driven,Action,,,,"28,"
410,618619585,book,paperback,Apollo 13,"James Lovell, Jeffrey Kluger",Mariner Books,1995-06-30,Released,"Houston, we have a problem.",7.3,1995.0,Apollo 13,Drama,,,,"18,"
411,1941530273,book,paperback,Hush,Jude Sierra,Interlude Press,1998-03-06,Released,Don't breathe a word.,5.9,1998.0,Hush,Drama,Thriller,,,"18,53,"
412,446674249,book,paperback,L.A. Confidential,James Ellroy,Grand Central Publishing,1997-09-19,Released,Everything is suspect... Everyone is for sale... And nothing is what it seems.,7.7,1997.0,L.A. Confidential,Crime,Drama,Mystery,Thriller,"80,18,9648,53,"
413,1623800285,book,paperback,Tigerland,Sean Kennedy,Dreamspinner Press,2000-09-22,Released,The system wanted them to become soldiers. One soldier just wanted to be human.,6.7,2000.0,Tigerland,Drama,War,,,"18,10752,"
414,8118051,book,paperback,The Missing,C.L. TAYLOR,HARPER COLLINS,2003-11-26,Released,"How far would you go, how much would you sacrifice to get back what you have lost?",6.1,2003.0,The Missing,Thriller,Western,Adventure,,"53,37,12,"
415,312427565,book,paperback,The Right Stuff,Tom Wolfe,Picador,1983-10-20,Released,How the future began.,7.4,1983.0,The Right Stuff,Drama,History,,,"18,36,"
416,99908409,book,paperback,The Old Man and the Sea,Ernest Hemingway,Arrow Books,1958-10-07,Released,SPENCER TRACY in his most suspenseful role...ERNEST HEMINGWAY'S story of Heroism...Defeat...Victory!,6.0,1990.0,The Old Man and the Sea,Adventure,Drama,,,"12,18,"
417,1841499420,book,paperback,Descent,Ken MacLeod,Orbit,2007-01-01,Released,,3.7,2005.0,Descent,Drama,Thriller,,,"18,53,"
418,1904233651,book,paperback,Twilight,Stephenie Meyer,Atom books,1998-03-06,Released,Some people can buy their way out of anything. Except the past.,6.1,1998.0,Twilight,Drama,Crime,Mystery,Thriller,"18,80,9648,53,"
419,743226720,book,paperback,1776,David McCullough,Simon & Schuster,1972-11-09,Released,The award winning musical comes to the screen!,7.1,1972.0,1776,Drama,Comedy,History,Music,"18,35,36,10402,"
420,99525046,book,paperback,Love Letters,Katie Fforde,Arrow,1945-10-26,Released,,3.8,1983.0,Love Letters,Romance,,,,"10749,"
421,226174379,book,paperback,The Pledge,"Friedrich DÃ¼rrenmatt, Joel Agee",University Of Chicago Press,2001-01-09,Released,,6.6,2001.0,The Pledge,Crime,Drama,Mystery,Thriller,"80,18,9648,53,"
422,982937709,book,paperback,Bliss,"Tracy Bowen, Jenness Walker",Written World Communications,1997-04-14,Released,Love is only the beginning.,4.8,1997.0,Bliss,Drama,Romance,,,"18,10749,"
423,857383183,book,paperback,Out of Sight,Isabelle Grey,Quercus Publishing Plc,1998-06-26,Released,Opposites attract.,6.5,1998.0,Out of Sight,Romance,Comedy,Crime,,"10749,35,80,"
424,1785035622,book,paperback,The One,JOHN MARRS,Ebury,2001-11-02,Released,Stealing the power of the universes one by one.,5.7,2001.0,The One,Action,Science Fiction,Thriller,,"28,878,53,"
425,1402241445,book,paperback,Wish You Were Here,Phillipa Ashley,Sourcebooks Landmark,1987-07-24,Released,Some people march to the beat of a different drummer. Lyndaâs got her own brass band.,5.8,1987.0,Wish You Were Here,Comedy,Drama,Foreign,Romance,"35,18,10769,10749,"
426,1848373112,book,paperback,Mansfield Park,Jane Austen,Arcturus,1999-11-12,Released,,6.7,1999.0,Mansfield Park,Drama,Romance,,,"18,10749,"
427,316077038,book,paperback,Beautiful Creatures,"Kami Garcia, Margaret Stohl","Little, Brown Books for Young Readers",2000-08-23,Released,,5.9,2000.0,Beautiful Creatures,Comedy,Crime,Drama,Thriller,"35,80,18,53,"
428,1501144286,book,paperback,The Tommyknockers,Stephen King,Gallery Books,1993-05-09,Released,You can't run. You can't hide. You can only become... one of them.,5.1,1993.0,The Tommyknockers,Horror,Science Fiction,,,"27,878,"
429,144473444X,book,paperback,Someone to Watch Over Me,"Yrsa Sigurdardottir, Philip Roughton",Hodder Paperback,1987-10-09,Released,"Where protection ends, obsession begins.",5.8,1987.0,Someone to Watch Over Me,Crime,Drama,Romance,Thriller,"80,18,10749,53,"
430,1400033411,book,paperback,Beloved,Toni Morrison,Vintage,1998-10-16,Released,The past has a life of its own.,5.9,1998.0,Beloved,Drama,Thriller,,,"18,53,"
431,8210039,book,paperback,Forces of Nature,"Brian Cox, Andrew Cohen",William Collins,1999-03-12,Released,"He went from the eye of the storm, into the arms of a hurricane.",5.1,1999.0,Forces of Nature,Romance,Comedy,,,"10749,35,"
432,194373528X,book,paperback,Bound,Claire Schwartz,Button Poetry,1996-09-13,Released,"In their world, you can't buy freedom, but you can steal it.",6.9,1996.0,Bound,Crime,Drama,Romance,Thriller,"80,18,10749,53,"
433,988377543,book,paperback,Repossessed,Sandy Parks,Dystel and Goderich Literary Management,1990-09-14,Released,The Devil's back. But he's never dealt with an exorcist like this!,4.5,1990.0,Repossessed,Comedy,Horror,,,"35,27,"
434,679723161,book,paperback,Lolita,Vladimir Nabokov,Vintage,1997-09-27,Released,A forbidden love. An unthinkable attraction. The ultimate price.,7.0,1997.0,Lolita,Drama,Romance,,,"18,10749,"
435,571313612,book,paperback,Happiness,Jack Underwood,Faber & Faber Poetry,1998-10-16,Released,Finding happiness can be a tragic comedy.,7.4,1998.0,Happiness,Comedy,Drama,,,"35,18,"
436,3499268574,book,paperback,Insomnia,Jilliane Hoffman,Rowohlt Taschenbuch,1997-03-14,Released,No peace for the wicked,6.6,2002.0,Insomnia,Crime,Drama,Thriller,,"80,18,53,"
437,3939212482,book,paperback,Starship Troopers,Robert A. Heinlein,NEW AMERICAN LIBRARY,1997-11-06,Released,The only good bug is a dead bug.,6.7,1997.0,Starship Troopers,Adventure,Action,Thriller,Science Fiction,"12,28,53,878,"
438,1101983817,book,paperback,Wildflower,Drew Barrymore,Dutton,2016-02-05,Released,Sometimes you have to risk everything to finally be free,5.8,1991.0,Wildflower,Thriller,Drama,,,"53,18,"
439,345438310,book,paperback,Nicholas and Alexandra,Robert K. Massie,Random House Trade Paperbacks,1971-11-29,Released,,7.0,1971.0,Nicholas and Alexandra,Romance,Drama,War,,"10749,18,10752,"
440,1450232876,book,paperback,The Good Thief,Barry Connolly,iUniverse.com,2003-04-03,Released,He doesn't want money. He wants what money can't buy.,6.0,2003.0,The Good Thief,Crime,Drama,Thriller,,"80,18,53,"
441,198143433X,book,paperback,Along Came a Spider,Michael Joseph Bacotti Sr,CreateSpace Independent Publishing Platform,2001-04-06,Released,The game is far from over.,6.1,2001.0,Along Came a Spider,Crime,Mystery,Thriller,Action,"80,9648,53,28,"
442,679772677,book,paperback,A Civil Action,Jonathan Harr,Vintage,1998-03-05,Released,Justice has its price.,6.1,1998.0,A Civil Action,Drama,,,,"18,"
443,B000JGQRPC,book,paperback,Bridget Jones's Diary,Helen Fielding,Picador,2001-04-13,Released,Health Warning: Adopting Bridget's lifestyle could seriously damage your health.,6.6,2001.0,Bridget Jones's Diary,Comedy,Romance,Drama,,"35,10749,18,"
444,1935460900,book,paperback,Cabin Fever,James M. Jackson,Barking Rain Press,2003-08-15,Released,Terrorâ¦ in the flesh.,5.5,2003.0,Cabin Fever,Horror,,,,"27,"
